ally_has_adc_core,ally_has_single_core,ally_missing_cc,ally_missing_frontline,execution_difficulty,hero_dpm,hero_damage_pct,hero_forward_pct,hero_kda,hero_kp,hero_dpm_per_gold,stage_early,stage_mid,stage_late,counter_label
0,0,1,1,0.3,6098.522445086769,19.517727658332067,41.30832694936186,9.0,40.909090909090914,14.752314814814817,1,0,0,1
0,0,1,1,0.3,5911.013425140427,20.697022297406804,34.21171925936436,9.9,70.9090909090909,13.413588141373303,1,0,0,1
0,0,1,1,0.3,901.659852665384,3.1800731206051664,26.02650378150916,4.366666666666666,81.16883116883118,3.400919682408846,1,0,0,1
0,0,1,1,0.3,10262.353317069046,32.84366319541922,25.45936684116484,18.0,81.81818181818183,23.3728296403923,1,0,0,1
0,0,1,1,0.3,7353.346308611371,23.533669330758052,20.88475730896065,15.0,68.18181818181817,16.596760259179266,1,0,0,1
0,0,1,0,0.3,6098.522445086769,19.517727658332067,41.30832694936186,9.0,40.909090909090914,14.752314814814817,1,0,0,1
0,0,1,0,0.3,5911.013425140427,20.697022297406804,34.21171925936436,9.9,70.9090909090909,13.413588141373303,1,0,0,1
0,0,1,0,0.3,901.659852665384,3.1800731206051664,26.02650378150916,4.366666666666666,81.16883116883118,3.400919682408846,1,0,0,1
0,0,1,0,0.3,10262.353317069046,32.84366319541922,25.45936684116484,18.0,81.81818181818183,23.3728296403923,1,0,0,1
0,0,1,0,0.3,7353.346308611371,23.533669330758052,20.88475730896065,15.0,68.18181818181817,16.596760259179266,1,0,0,1
1,1,1,0,0.5,6098.522445086769,19.517727658332067,41.30832694936186,9.0,40.909090909090914,14.752314814814817,1,0,0,1
1,1,1,0,0.5,5911.013425140427,20.697022297406804,34.21171925936436,9.9,70.9090909090909,13.413588141373303,1,0,0,1
1,1,1,0,0.5,901.659852665384,3.1800731206051664,26.02650378150916,4.366666666666666,81.16883116883118,3.400919682408846,1,0,0,1
1,1,1,0,0.5,10262.353317069046,32.84366319541922,25.45936684116484,18.0,81.81818181818183,23.3728296403923,1,0,0,1
1,1,1,0,0.5,7353.346308611371,23.533669330758052,20.88475730896065,15.0,68.18181818181817,16.596760259179266,1,0,0,1
1,1,1,0,0.5,6098.522445086769,19.517727658332067,41.30832694936186,9.0,40.909090909090914,14.752314814814817,0,1,0,1
1,1,1,0,0.5,5911.013425140427,20.697022297406804,34.21171925936436,9.9,70.9090909090909,13.413588141373303,0,1,0,1
1,1,1,0,0.5,901.659852665384,3.1800731206051664,26.02650378150916,4.366666666666666,81.16883116883118,3.400919682408846,0,1,0,1
1,1,1,0,0.5,10262.353317069046,32.84366319541922,25.45936684116484,18.0,81.81818181818183,23.3728296403923,0,1,0,1
1,1,1,0,0.5,7353.346308611371,23.533669330758052,20.88475730896065,15.0,68.18181818181817,16.596760259179266,0,1,0,1
1,0,1,0,0.7,6098.522445086769,19.517727658332067,41.30832694936186,9.0,40.909090909090914,14.752314814814817,0,1,0,1
1,0,1,0,0.7,5911.013425140427,20.697022297406804,34.21171925936436,9.9,70.9090909090909,13.413588141373303,0,1,0,1
1,0,1,0,0.7,901.659852665384,3.1800731206051664,26.02650378150916,4.366666666666666,81.16883116883118,3.400919682408846,0,1,0,1
1,0,1,0,0.7,10262.353317069046,32.84366319541922,25.45936684116484,18.0,81.81818181818183,23.3728296403923,0,1,0,1
1,0,1,0,0.7,7353.346308611371,23.533669330758052,20.88475730896065,15.0,68.18181818181817,16.596760259179266,0,1,0,1
0,0,1,1,0.3,610.5312400191988,2.186591159705209,45.31647656827246,7.083333333333333,71.66666666666666,2.469048401571703,1,0,0,0
0,0,1,1,0.3,7296.751011563628,28.59968605140216,13.418013316543556,0.9555555555555556,57.93650793650793,24.583700401109496,1,0,0,0
0,0,1,1,0.3,6388.919265522995,23.995472475866613,36.78966925710381,10.166666666666666,72.61904761904762,15.1786757143833,1,0,0,0
0,0,1,1,0.3,6247.548528372744,25.62716299761212,27.16222588573285,0.5,50.0,16.178919544027753,1,0,0,0
0,0,1,1,0.3,5229.669742015479,20.258322099971945,13.715026856939827,1.5444444444444445,61.96581196581196,13.694778238863227,1,0,0,0
0,0,1,0,0.3,610.5312400191988,2.186591159705209,45.31647656827246,7.083333333333333,71.66666666666666,2.469048401571703,1,0,0,0
0,0,1,0,0.3,7296.751011563628,28.59968605140216,13.418013316543556,0.9555555555555556,57.93650793650793,24.583700401109496,1,0,0,0
0,0,1,0,0.3,6388.919265522995,23.995472475866613,36.78966925710381,10.166666666666666,72.61904761904762,15.1786757143833,1,0,0,0
0,0,1,0,0.3,6247.548528372744,25.62716299761212,27.16222588573285,0.5,50.0,16.178919544027753,1,0,0,0
0,0,1,0,0.3,5229.669742015479,20.258322099971945,13.715026856939827,1.5444444444444445,61.96581196581196,13.694778238863227,1,0,0,0
0,0,1,0,0.3,610.5312400191988,2.186591159705209,45.31647656827246,7.083333333333333,71.66666666666666,2.469048401571703,1,0,0,0
0,0,1,0,0.3,7296.751011563628,28.59968605140216,13.418013316543556,0.9555555555555556,57.93650793650793,24.583700401109496,1,0,0,0
0,0,1,0,0.3,6388.919265522995,23.995472475866613,36.78966925710381,10.166666666666666,72.61904761904762,15.1786757143833,1,0,0,0
0,0,1,0,0.3,6247.548528372744,25.62716299761212,27.16222588573285,0.5,50.0,16.178919544027753,1,0,0,0
0,0,1,0,0.3,5229.669742015479,20.258322099971945,13.715026856939827,1.5444444444444445,61.96581196581196,13.694778238863227,1,0,0,0
0,0,1,0,0.3,610.5312400191988,2.186591159705209,45.31647656827246,7.083333333333333,71.66666666666666,2.469048401571703,0,1,0,0
0,0,1,0,0.3,7296.751011563628,28.59968605140216,13.418013316543556,0.9555555555555556,57.93650793650793,24.583700401109496,0,1,0,0
0,0,1,0,0.3,6388.919265522995,23.995472475866613,36.78966925710381,10.166666666666666,72.61904761904762,15.1786757143833,0,1,0,0
0,0,1,0,0.3,6247.548528372744,25.62716299761212,27.16222588573285,0.5,50.0,16.178919544027753,0,1,0,0
0,0,1,0,0.3,5229.669742015479,20.258322099971945,13.715026856939827,1.5444444444444445,61.96581196581196,13.694778238863227,0,1,0,0
1,1,1,0,0.5,610.5312400191988,2.186591159705209,45.31647656827246,7.083333333333333,71.66666666666666,2.469048401571703,0,1,0,0
1,1,1,0,0.5,7296.751011563628,28.59968605140216,13.418013316543556,0.9555555555555556,57.93650793650793,24.583700401109496,0,1,0,0
1,1,1,0,0.5,6388.919265522995,23.995472475866613,36.78966925710381,10.166666666666666,72.61904761904762,15.1786757143833,0,1,0,0
1,1,1,0,0.5,6247.548528372744,25.62716299761212,27.16222588573285,0.5,50.0,16.178919544027753,0,1,0,0
1,1,1,0,0.5,5229.669742015479,20.258322099971945,13.715026856939827,1.5444444444444445,61.96581196581196,13.694778238863227,0,1,0,0
0,0,1,1,0.3,9271.257987309524,30.33630725110953,40.00279130174687,11.0,67.85714285714286,19.50327459611906,1,0,0,0
0,0,1,1,0.3,6588.760301402204,21.78380102140511,22.499649330733916,2.25,64.28571428571429,17.372374244218662,1,0,0,0
0,0,1,1,0.3,5021.1741195049335,16.601037662554887,15.878974186013892,2.0,71.42857142857143,15.690034719657236,1,0,0,0
0,0,1,1,0.3,598.6278981435805,1.9791873467071643,34.68284525950314,11.0,78.57142857142857,2.0880679475550425,1,0,0,0
0,0,1,1,0.3,7296.751011563628,28.59968605140216,13.418013316543556,0.9555555555555556,57.93650793650793,24.583700401109496,1,0,0,0
0,0,1,1,0.3,9271.257987309524,30.33630725110953,40.00279130174687,11.0,67.85714285714286,19.50327459611906,1,0,0,0
0,0,1,1,0.3,6588.760301402204,21.78380102140511,22.499649330733916,2.25,64.28571428571429,17.372374244218662,1,0,0,0
0,0,1,1,0.3,5021.1741195049335,16.601037662554887,15.878974186013892,2.0,71.42857142857143,15.690034719657236,1,0,0,0
0,0,1,1,0.3,598.6278981435805,1.9791873467071643,34.68284525950314,11.0,78.57142857142857,2.0880679475550425,1,0,0,0
0,0,1,1,0.3,7296.751011563628,28.59968605140216,13.418013316543556,0.9555555555555556,57.93650793650793,24.583700401109496,1,0,0,0
1,1,1,1,0.5,9271.257987309524,30.33630725110953,40.00279130174687,11.0,67.85714285714286,19.50327459611906,1,0,0,0
1,1,1,1,0.5,6588.760301402204,21.78380102140511,22.499649330733916,2.25,64.28571428571429,17.372374244218662,1,0,0,0
1,1,1,1,0.5,5021.1741195049335,16.601037662554887,15.878974186013892,2.0,71.42857142857143,15.690034719657236,1,0,0,0
1,1,1,1,0.5,598.6278981435805,1.9791873467071643,34.68284525950314,11.0,78.57142857142857,2.0880679475550425,1,0,0,0
1,1,1,1,0.5,7296.751011563628,28.59968605140216,13.418013316543556,0.9555555555555556,57.93650793650793,24.583700401109496,1,0,0,0
1,1,1,0,0.5,9271.257987309524,30.33630725110953,40.00279130174687,11.0,67.85714285714286,19.50327459611906,0,1,0,0
1,1,1,0,0.5,6588.760301402204,21.78380102140511,22.499649330733916,2.25,64.28571428571429,17.372374244218662,0,1,0,0
1,1,1,0,0.5,5021.1741195049335,16.601037662554887,15.878974186013892,2.0,71.42857142857143,15.690034719657236,0,1,0,0
1,1,1,0,0.5,598.6278981435805,1.9791873467071643,34.68284525950314,11.0,78.57142857142857,2.0880679475550425,0,1,0,0
1,1,1,0,0.5,7296.751011563628,28.59968605140216,13.418013316543556,0.9555555555555556,57.93650793650793,24.583700401109496,0,1,0,0
1,1,1,0,0.5,9271.257987309524,30.33630725110953,40.00279130174687,11.0,67.85714285714286,19.50327459611906,0,1,0,0
1,1,1,0,0.5,6588.760301402204,21.78380102140511,22.499649330733916,2.25,64.28571428571429,17.372374244218662,0,1,0,0
1,1,1,0,0.5,5021.1741195049335,16.601037662554887,15.878974186013892,2.0,71.42857142857143,15.690034719657236,0,1,0,0
1,1,1,0,0.5,598.6278981435805,1.9791873467071643,34.68284525950314,11.0,78.57142857142857,2.0880679475550425,0,1,0,0
1,1,1,0,0.5,7296.751011563628,28.59968605140216,13.418013316543556,0.9555555555555556,57.93650793650793,24.583700401109496,0,1,0,0
0,0,1,1,0.3,6370.543856667922,24.05974847895955,25.83194453954328,0.8,28.57142857142857,17.278601282574755,1,0,0,1
0,0,1,1,0.3,8287.481028398695,26.983209434859777,27.266544891182203,3.0,64.28571428571429,24.592143107681515,1,0,0,1
0,0,1,1,0.3,328.8174486722637,1.070596729326607,37.42964944105683,3.333333333333333,71.42857142857143,1.3710202069985211,1,0,0,1
0,0,1,1,0.3,5567.659526161002,18.55806000941744,36.54500034220483,4.833333333333333,75.0,13.795456653759237,1,0,0,1
0,0,1,1,0.3,9449.04935998578,31.4288016309252,28.866554658713746,14.0,93.30357142857144,18.38884846276257,1,0,0,1
1,1,1,1,0.5,6370.543856667922,24.05974847895955,25.83194453954328,0.8,28.57142857142857,17.278601282574755,1,0,0,1
1,1,1,1,0.5,8287.481028398695,26.983209434859777,27.266544891182203,3.0,64.28571428571429,24.592143107681515,1,0,0,1
1,1,1,1,0.5,328.8174486722637,1.070596729326607,37.42964944105683,3.333333333333333,71.42857142857143,1.3710202069985211,1,0,0,1
1,1,1,1,0.5,5567.659526161002,18.55806000941744,36.54500034220483,4.833333333333333,75.0,13.795456653759237,1,0,0,1
1,1,1,1,0.5,9449.04935998578,31.4288016309252,28.866554658713746,14.0,93.30357142857144,18.38884846276257,1,0,0,1
1,1,1,1,0.5,6370.543856667922,24.05974847895955,25.83194453954328,0.8,28.57142857142857,17.278601282574755,1,0,0,1
1,1,1,1,0.5,8287.481028398695,26.983209434859777,27.266544891182203,3.0,64.28571428571429,24.592143107681515,1,0,0,1
1,1,1,1,0.5,328.8174486722637,1.070596729326607,37.42964944105683,3.333333333333333,71.42857142857143,1.3710202069985211,1,0,0,1
1,1,1,1,0.5,5567.659526161002,18.55806000941744,36.54500034220483,4.833333333333333,75.0,13.795456653759237,1,0,0,1
1,1,1,1,0.5,9449.04935998578,31.4288016309252,28.866554658713746,14.0,93.30357142857144,18.38884846276257,1,0,0,1
1,1,1,1,0.5,6370.543856667922,24.05974847895955,25.83194453954328,0.8,28.57142857142857,17.278601282574755,0,1,0,1
1,1,1,1,0.5,8287.481028398695,26.983209434859777,27.266544891182203,3.0,64.28571428571429,24.592143107681515,0,1,0,1
1,1,1,1,0.5,328.8174486722637,1.070596729326607,37.42964944105683,3.333333333333333,71.42857142857143,1.3710202069985211,0,1,0,1
1,1,1,1,0.5,5567.659526161002,18.55806000941744,36.54500034220483,4.833333333333333,75.0,13.795456653759237,0,1,0,1
1,1,1,1,0.5,9449.04935998578,31.4288016309252,28.866554658713746,14.0,93.30357142857144,18.38884846276257,0,1,0,1
1,1,1,0,0.5,6370.543856667922,24.05974847895955,25.83194453954328,0.8,28.57142857142857,17.278601282574755,0,1,0,1
1,1,1,0,0.5,8287.481028398695,26.983209434859777,27.266544891182203,3.0,64.28571428571429,24.592143107681515,0,1,0,1
1,1,1,0,0.5,328.8174486722637,1.070596729326607,37.42964944105683,3.333333333333333,71.42857142857143,1.3710202069985211,0,1,0,1
1,1,1,0,0.5,5567.659526161002,18.55806000941744,36.54500034220483,4.833333333333333,75.0,13.795456653759237,0,1,0,1
1,1,1,0,0.5,9449.04935998578,31.4288016309252,28.866554658713746,14.0,93.30357142857144,18.38884846276257,0,1,0,1
0,0,1,1,0.3,335.57410321764013,1.2493981391849944,34.17394003956942,5.083333333333333,80.75048732943469,1.3782497008162702,1,0,0,1
0,0,1,1,0.3,5142.348708376346,20.527841249060256,28.562242255750466,1.6444444444444446,69.81481481481482,14.421707444913425,1,0,0,1
0,0,1,1,0.3,8948.129344047089,32.58707659814953,27.604561943328523,10.25,87.31884057971014,22.235374016112832,1,0,0,1
0,0,1,1,0.3,4682.847897965929,15.866641235056134,47.7094714469521,4.0,40.0,12.664677530410833,1,0,0,1
0,0,1,1,0.3,7858.5662658574365,29.962621509110807,32.6879381225098,4.0,75.0,17.372048930280418,1,0,0,1
1,1,1,1,0.5,335.57410321764013,1.2493981391849944,34.17394003956942,5.083333333333333,80.75048732943469,1.3782497008162702,1,0,0,1
1,1,1,1,0.5,5142.348708376346,20.527841249060256,28.562242255750466,1.6444444444444446,69.81481481481482,14.421707444913425,1,0,0,1
1,1,1,1,0.5,8948.129344047089,32.58707659814953,27.604561943328523,10.25,87.31884057971014,22.235374016112832,1,0,0,1
1,1,1,1,0.5,4682.847897965929,15.866641235056134,47.7094714469521,4.0,40.0,12.664677530410833,1,0,0,1
1,1,1,1,0.5,7858.5662658574365,29.962621509110807,32.6879381225098,4.0,75.0,17.372048930280418,1,0,0,1
1,0,1,1,0.7,335.57410321764013,1.2493981391849944,34.17394003956942,5.083333333333333,80.75048732943469,1.3782497008162702,1,0,0,1
1,0,1,1,0.7,5142.348708376346,20.527841249060256,28.562242255750466,1.6444444444444446,69.81481481481482,14.421707444913425,1,0,0,1
1,0,1,1,0.7,8948.129344047089,32.58707659814953,27.604561943328523,10.25,87.31884057971014,22.235374016112832,1,0,0,1
1,0,1,1,0.7,4682.847897965929,15.866641235056134,47.7094714469521,4.0,40.0,12.664677530410833,1,0,0,1
1,0,1,1,0.7,7858.5662658574365,29.962621509110807,32.6879381225098,4.0,75.0,17.372048930280418,1,0,0,1
1,0,1,1,0.7,335.57410321764013,1.2493981391849944,34.17394003956942,5.083333333333333,80.75048732943469,1.3782497008162702,0,1,0,1
1,0,1,1,0.7,5142.348708376346,20.527841249060256,28.562242255750466,1.6444444444444446,69.81481481481482,14.421707444913425,0,1,0,1
1,0,1,1,0.7,8948.129344047089,32.58707659814953,27.604561943328523,10.25,87.31884057971014,22.235374016112832,0,1,0,1
1,0,1,1,0.7,4682.847897965929,15.866641235056134,47.7094714469521,4.0,40.0,12.664677530410833,0,1,0,1
1,0,1,1,0.7,7858.5662658574365,29.962621509110807,32.6879381225098,4.0,75.0,17.372048930280418,0,1,0,1
1,0,1,1,0.7,335.57410321764013,1.2493981391849944,34.17394003956942,5.083333333333333,80.75048732943469,1.3782497008162702,0,1,0,1
1,0,1,1,0.7,5142.348708376346,20.527841249060256,28.562242255750466,1.6444444444444446,69.81481481481482,14.421707444913425,0,1,0,1
1,0,1,1,0.7,8948.129344047089,32.58707659814953,27.604561943328523,10.25,87.31884057971014,22.235374016112832,0,1,0,1
1,0,1,1,0.7,4682.847897965929,15.866641235056134,47.7094714469521,4.0,40.0,12.664677530410833,0,1,0,1
1,0,1,1,0.7,7858.5662658574365,29.962621509110807,32.6879381225098,4.0,75.0,17.372048930280418,0,1,0,1
0,0,1,1,0.3,7469.699677088869,26.498902636182,22.066725537796252,2.0,76.92307692307693,16.921243191284844,1,0,0,0
0,0,1,1,0.3,8215.270270213228,30.98421134073635,18.258717719408487,2.9722222222222228,80.02136752136752,23.2580730130476,1,0,0,0
0,0,1,1,0.3,4806.951111051315,18.21078250406753,28.964550967701665,4.833333333333333,54.01109611635928,12.963315383494622,1,0,0,0
0,0,1,1,0.3,5229.669742015479,20.258322099971945,13.715026856939827,1.5444444444444445,61.96581196581196,13.694778238863227,1,0,0,0
0,0,1,1,0.3,409.684639992721,1.6721267188028996,23.744484850647453,1.75,71.96581196581197,1.8697329649122607,1,0,0,0
0,0,1,0,0.3,7469.699677088869,26.498902636182,22.066725537796252,2.0,76.92307692307693,16.921243191284844,1,0,0,0
0,0,1,0,0.3,8215.270270213228,30.98421134073635,18.258717719408487,2.9722222222222228,80.02136752136752,23.2580730130476,1,0,0,0
0,0,1,0,0.3,4806.951111051315,18.21078250406753,28.964550967701665,4.833333333333333,54.01109611635928,12.963315383494622,1,0,0,0
0,0,1,0,0.3,5229.669742015479,20.258322099971945,13.715026856939827,1.5444444444444445,61.96581196581196,13.694778238863227,1,0,0,0
0,0,1,0,0.3,409.684639992721,1.6721267188028996,23.744484850647453,1.75,71.96581196581197,1.8697329649122607,1,0,0,0
0,0,1,0,0.3,7469.699677088869,26.498902636182,22.066725537796252,2.0,76.92307692307693,16.921243191284844,1,0,0,0
0,0,1,0,0.3,8215.270270213228,30.98421134073635,18.258717719408487,2.9722222222222228,80.02136752136752,23.2580730130476,1,0,0,0
0,0,1,0,0.3,4806.951111051315,18.21078250406753,28.964550967701665,4.833333333333333,54.01109611635928,12.963315383494622,1,0,0,0
0,0,1,0,0.3,5229.669742015479,20.258322099971945,13.715026856939827,1.5444444444444445,61.96581196581196,13.694778238863227,1,0,0,0
0,0,1,0,0.3,409.684639992721,1.6721267188028996,23.744484850647453,1.75,71.96581196581197,1.8697329649122607,1,0,0,0
1,1,1,0,0.5,7469.699677088869,26.498902636182,22.066725537796252,2.0,76.92307692307693,16.921243191284844,0,1,0,0
1,1,1,0,0.5,8215.270270213228,30.98421134073635,18.258717719408487,2.9722222222222228,80.02136752136752,23.2580730130476,0,1,0,0
1,1,1,0,0.5,4806.951111051315,18.21078250406753,28.964550967701665,4.833333333333333,54.01109611635928,12.963315383494622,0,1,0,0
1,1,1,0,0.5,5229.669742015479,20.258322099971945,13.715026856939827,1.5444444444444445,61.96581196581196,13.694778238863227,0,1,0,0
1,1,1,0,0.5,409.684639992721,1.6721267188028996,23.744484850647453,1.75,71.96581196581197,1.8697329649122607,0,1,0,0
1,1,1,0,0.5,7469.699677088869,26.498902636182,22.066725537796252,2.0,76.92307692307693,16.921243191284844,0,1,0,0
1,1,1,0,0.5,8215.270270213228,30.98421134073635,18.258717719408487,2.9722222222222228,80.02136752136752,23.2580730130476,0,1,0,0
1,1,1,0,0.5,4806.951111051315,18.21078250406753,28.964550967701665,4.833333333333333,54.01109611635928,12.963315383494622,0,1,0,0
1,1,1,0,0.5,5229.669742015479,20.258322099971945,13.715026856939827,1.5444444444444445,61.96581196581196,13.694778238863227,0,1,0,0
1,1,1,0,0.5,409.684639992721,1.6721267188028996,23.744484850647453,1.75,71.96581196581197,1.8697329649122607,0,1,0,0
0,0,1,1,0.3,4249.235114820126,17.016935184262735,21.724087404748587,1.1666666666666667,52.5,12.594300395743009,1,0,0,0
0,0,1,1,0.3,5142.348708376346,20.527841249060256,28.562242255750466,1.6444444444444446,69.81481481481482,14.421707444913425,1,0,0,0
0,0,1,1,0.3,3855.964985125846,15.594264965364957,17.68013240902669,0.7833333333333334,54.16666666666667,13.328159386613034,1,0,0,0
0,0,1,1,0.3,8948.129344047089,32.58707659814953,27.604561943328523,10.25,87.31884057971014,22.235374016112832,1,0,0,0
0,0,1,1,0.3,6323.875559360632,24.359526829861696,13.321924701796322,2.6666666666666665,69.44444444444444,14.211407055755332,1,0,0,0
0,0,1,0,0.3,4249.235114820126,17.016935184262735,21.724087404748587,1.1666666666666667,52.5,12.594300395743009,1,0,0,0
0,0,1,0,0.3,5142.348708376346,20.527841249060256,28.562242255750466,1.6444444444444446,69.81481481481482,14.421707444913425,1,0,0,0
0,0,1,0,0.3,3855.964985125846,15.594264965364957,17.68013240902669,0.7833333333333334,54.16666666666667,13.328159386613034,1,0,0,0
0,0,1,0,0.3,8948.129344047089,32.58707659814953,27.604561943328523,10.25,87.31884057971014,22.235374016112832,1,0,0,0
0,0,1,0,0.3,6323.875559360632,24.359526829861696,13.321924701796322,2.6666666666666665,69.44444444444444,14.211407055755332,1,0,0,0
1,1,1,0,0.5,4249.235114820126,17.016935184262735,21.724087404748587,1.1666666666666667,52.5,12.594300395743009,1,0,0,0
1,1,1,0,0.5,5142.348708376346,20.527841249060256,28.562242255750466,1.6444444444444446,69.81481481481482,14.421707444913425,1,0,0,0
1,1,1,0,0.5,3855.964985125846,15.594264965364957,17.68013240902669,0.7833333333333334,54.16666666666667,13.328159386613034,1,0,0,0
1,1,1,0,0.5,8948.129344047089,32.58707659814953,27.604561943328523,10.25,87.31884057971014,22.235374016112832,1,0,0,0
1,1,1,0,0.5,6323.875559360632,24.359526829861696,13.321924701796322,2.6666666666666665,69.44444444444444,14.211407055755332,1,0,0,0
1,0,1,0,0.7,4249.235114820126,17.016935184262735,21.724087404748587,1.1666666666666667,52.5,12.594300395743009,0,1,0,0
1,0,1,0,0.7,5142.348708376346,20.527841249060256,28.562242255750466,1.6444444444444446,69.81481481481482,14.421707444913425,0,1,0,0
1,0,1,0,0.7,3855.964985125846,15.594264965364957,17.68013240902669,0.7833333333333334,54.16666666666667,13.328159386613034,0,1,0,0
1,0,1,0,0.7,8948.129344047089,32.58707659814953,27.604561943328523,10.25,87.31884057971014,22.235374016112832,0,1,0,0
1,0,1,0,0.7,6323.875559360632,24.359526829861696,13.321924701796322,2.6666666666666665,69.44444444444444,14.211407055755332,0,1,0,0
1,0,1,0,0.7,4249.235114820126,17.016935184262735,21.724087404748587,1.1666666666666667,52.5,12.594300395743009,0,1,0,0
1,0,1,0,0.7,5142.348708376346,20.527841249060256,28.562242255750466,1.6444444444444446,69.81481481481482,14.421707444913425,0,1,0,0
1,0,1,0,0.7,3855.964985125846,15.594264965364957,17.68013240902669,0.7833333333333334,54.16666666666667,13.328159386613034,0,1,0,0
1,0,1,0,0.7,8948.129344047089,32.58707659814953,27.604561943328523,10.25,87.31884057971014,22.235374016112832,0,1,0,0
1,0,1,0,0.7,6323.875559360632,24.359526829861696,13.321924701796322,2.6666666666666665,69.44444444444444,14.211407055755332,0,1,0,0
0,0,1,1,0.3,335.57410321764013,1.2493981391849944,34.17394003956942,5.083333333333333,80.75048732943469,1.3782497008162702,1,0,0,1
0,0,1,1,0.3,9003.639711659469,31.71647794299161,27.301915893834312,13.5,78.94736842105263,20.787961640250742,1,0,0,1
0,0,1,1,0.3,6881.264953730253,26.166827409258826,21.20767551965421,9.5,86.40350877192984,14.772280962750514,1,0,0,1
0,0,1,1,0.3,4806.951111051315,18.21078250406753,28.964550967701665,4.833333333333333,54.01109611635928,12.963315383494622,1,0,0,1
0,0,1,1,0.3,4453.939916734129,16.105918684293343,29.781670305593178,18.0,94.73684210526316,10.695692804349672,1,0,0,1
0,0,1,1,0.3,335.57410321764013,1.2493981391849944,34.17394003956942,5.083333333333333,80.75048732943469,1.3782497008162702,1,0,0,1
0,0,1,1,0.3,9003.639711659469,31.71647794299161,27.301915893834312,13.5,78.94736842105263,20.787961640250742,1,0,0,1
0,0,1,1,0.3,6881.264953730253,26.166827409258826,21.20767551965421,9.5,86.40350877192984,14.772280962750514,1,0,0,1
0,0,1,1,0.3,4806.951111051315,18.21078250406753,28.964550967701665,4.833333333333333,54.01109611635928,12.963315383494622,1,0,0,1
0,0,1,1,0.3,4453.939916734129,16.105918684293343,29.781670305593178,18.0,94.73684210526316,10.695692804349672,1,0,0,1
0,0,1,1,0.3,335.57410321764013,1.2493981391849944,34.17394003956942,5.083333333333333,80.75048732943469,1.3782497008162702,1,0,0,1
0,0,1,1,0.3,9003.639711659469,31.71647794299161,27.301915893834312,13.5,78.94736842105263,20.787961640250742,1,0,0,1
0,0,1,1,0.3,6881.264953730253,26.166827409258826,21.20767551965421,9.5,86.40350877192984,14.772280962750514,1,0,0,1
0,0,1,1,0.3,4806.951111051315,18.21078250406753,28.964550967701665,4.833333333333333,54.01109611635928,12.963315383494622,1,0,0,1
0,0,1,1,0.3,4453.939916734129,16.105918684293343,29.781670305593178,18.0,94.73684210526316,10.695692804349672,1,0,0,1
0,0,1,1,0.3,335.57410321764013,1.2493981391849944,34.17394003956942,5.083333333333333,80.75048732943469,1.3782497008162702,0,1,0,1
0,0,1,1,0.3,9003.639711659469,31.71647794299161,27.301915893834312,13.5,78.94736842105263,20.787961640250742,0,1,0,1
0,0,1,1,0.3,6881.264953730253,26.166827409258826,21.20767551965421,9.5,86.40350877192984,14.772280962750514,0,1,0,1
0,0,1,1,0.3,4806.951111051315,18.21078250406753,28.964550967701665,4.833333333333333,54.01109611635928,12.963315383494622,0,1,0,1
0,0,1,1,0.3,4453.939916734129,16.105918684293343,29.781670305593178,18.0,94.73684210526316,10.695692804349672,0,1,0,1
1,1,1,1,0.5,335.57410321764013,1.2493981391849944,34.17394003956942,5.083333333333333,80.75048732943469,1.3782497008162702,0,1,0,1
1,1,1,1,0.5,9003.639711659469,31.71647794299161,27.301915893834312,13.5,78.94736842105263,20.787961640250742,0,1,0,1
1,1,1,1,0.5,6881.264953730253,26.166827409258826,21.20767551965421,9.5,86.40350877192984,14.772280962750514,0,1,0,1
1,1,1,1,0.5,4806.951111051315,18.21078250406753,28.964550967701665,4.833333333333333,54.01109611635928,12.963315383494622,0,1,0,1
1,1,1,1,0.5,4453.939916734129,16.105918684293343,29.781670305593178,18.0,94.73684210526316,10.695692804349672,0,1,0,1
0,0,1,1,0.3,440.231260725571,1.4202406768615377,50.39941868196585,17.0,85.0,1.459124776996537,1,0,0,1
0,0,1,1,0.3,9009.446888142902,31.263062572864985,16.117840390118694,4.0,57.5,27.271168318653835,1,0,0,1
0,0,1,1,0.3,9271.257987309524,30.33630725110953,40.00279130174687,11.0,67.85714285714286,19.50327459611906,1,0,0,1
0,0,1,1,0.3,5718.320383492594,18.448011162536044,47.280955607481566,4.333333333333333,65.0,12.741022927689594,1,0,0,1
0,0,1,1,0.3,6475.941333472477,22.56078852381164,28.55809872818777,7.433333333333334,70.87301587301586,14.900785707223887,1,0,0,1
0,0,1,1,0.3,440.231260725571,1.4202406768615377,50.39941868196585,17.0,85.0,1.459124776996537,1,0,0,1
0,0,1,1,0.3,9009.446888142902,31.263062572864985,16.117840390118694,4.0,57.5,27.271168318653835,1,0,0,1
0,0,1,1,0.3,9271.257987309524,30.33630725110953,40.00279130174687,11.0,67.85714285714286,19.50327459611906,1,0,0,1
0,0,1,1,0.3,5718.320383492594,18.448011162536044,47.280955607481566,4.333333333333333,65.0,12.741022927689594,1,0,0,1
0,0,1,1,0.3,6475.941333472477,22.56078852381164,28.55809872818777,7.433333333333334,70.87301587301586,14.900785707223887,1,0,0,1
0,0,1,1,0.3,440.231260725571,1.4202406768615377,50.39941868196585,17.0,85.0,1.459124776996537,1,0,0,1
0,0,1,1,0.3,9009.446888142902,31.263062572864985,16.117840390118694,4.0,57.5,27.271168318653835,1,0,0,1
0,0,1,1,0.3,9271.257987309524,30.33630725110953,40.00279130174687,11.0,67.85714285714286,19.50327459611906,1,0,0,1
0,0,1,1,0.3,5718.320383492594,18.448011162536044,47.280955607481566,4.333333333333333,65.0,12.741022927689594,1,0,0,1
0,0,1,1,0.3,6475.941333472477,22.56078852381164,28.55809872818777,7.433333333333334,70.87301587301586,14.900785707223887,1,0,0,1
0,0,1,1,0.3,440.231260725571,1.4202406768615377,50.39941868196585,17.0,85.0,1.459124776996537,0,1,0,1
0,0,1,1,0.3,9009.446888142902,31.263062572864985,16.117840390118694,4.0,57.5,27.271168318653835,0,1,0,1
0,0,1,1,0.3,9271.257987309524,30.33630725110953,40.00279130174687,11.0,67.85714285714286,19.50327459611906,0,1,0,1
0,0,1,1,0.3,5718.320383492594,18.448011162536044,47.280955607481566,4.333333333333333,65.0,12.741022927689594,0,1,0,1
0,0,1,1,0.3,6475.941333472477,22.56078852381164,28.55809872818777,7.433333333333334,70.87301587301586,14.900785707223887,0,1,0,1
1,1,1,1,0.5,440.231260725571,1.4202406768615377,50.39941868196585,17.0,85.0,1.459124776996537,0,1,0,1
1,1,1,1,0.5,9009.446888142902,31.263062572864985,16.117840390118694,4.0,57.5,27.271168318653835,0,1,0,1
1,1,1,1,0.5,9271.257987309524,30.33630725110953,40.00279130174687,11.0,67.85714285714286,19.50327459611906,0,1,0,1
1,1,1,1,0.5,5718.320383492594,18.448011162536044,47.280955607481566,4.333333333333333,65.0,12.741022927689594,0,1,0,1
1,1,1,1,0.5,6475.941333472477,22.56078852381164,28.55809872818777,7.433333333333334,70.87301587301586,14.900785707223887,0,1,0,1
0,0,1,1,0.3,4799.134988633269,19.36918804876896,15.723291349253088,0.4,25.0,14.620719591009935,1,0,0,0
0,0,1,1,0.3,5187.198776144354,20.917411480381475,23.157304336200507,2.333333333333333,75.0,13.72640945442248,1,0,0,0
0,0,1,1,0.3,425.2632127427989,1.5351796521884271,27.565750565926773,7.972222222222222,81.94444444444444,1.6999570512866755,1,0,0,0
0,0,1,1,0.3,8925.923111507944,36.02480106626184,12.8807643677797,1.4,87.5,25.707732992887102,1,0,0,0
0,0,1,1,0.3,7015.800197493336,27.09700700237012,20.108151950715605,2.555555555555556,78.05555555555556,15.407536312343078,1,0,0,0
0,0,1,0,0.3,4799.134988633269,19.36918804876896,15.723291349253088,0.4,25.0,14.620719591009935,1,0,0,0
0,0,1,0,0.3,5187.198776144354,20.917411480381475,23.157304336200507,2.333333333333333,75.0,13.72640945442248,1,0,0,0
0,0,1,0,0.3,425.2632127427989,1.5351796521884271,27.565750565926773,7.972222222222222,81.94444444444444,1.6999570512866755,1,0,0,0
0,0,1,0,0.3,8925.923111507944,36.02480106626184,12.8807643677797,1.4,87.5,25.707732992887102,1,0,0,0
0,0,1,0,0.3,7015.800197493336,27.09700700237012,20.108151950715605,2.555555555555556,78.05555555555556,15.407536312343078,1,0,0,0
1,1,1,0,0.5,4799.134988633269,19.36918804876896,15.723291349253088,0.4,25.0,14.620719591009935,1,0,0,0
1,1,1,0,0.5,5187.198776144354,20.917411480381475,23.157304336200507,2.333333333333333,75.0,13.72640945442248,1,0,0,0
1,1,1,0,0.5,425.2632127427989,1.5351796521884271,27.565750565926773,7.972222222222222,81.94444444444444,1.6999570512866755,1,0,0,0
1,1,1,0,0.5,8925.923111507944,36.02480106626184,12.8807643677797,1.4,87.5,25.707732992887102,1,0,0,0
1,1,1,0,0.5,7015.800197493336,27.09700700237012,20.108151950715605,2.555555555555556,78.05555555555556,15.407536312343078,1,0,0,0
1,0,1,0,0.7,4799.134988633269,19.36918804876896,15.723291349253088,0.4,25.0,14.620719591009935,0,1,0,0
1,0,1,0,0.7,5187.198776144354,20.917411480381475,23.157304336200507,2.333333333333333,75.0,13.72640945442248,0,1,0,0
1,0,1,0,0.7,425.2632127427989,1.5351796521884271,27.565750565926773,7.972222222222222,81.94444444444444,1.6999570512866755,0,1,0,0
1,0,1,0,0.7,8925.923111507944,36.02480106626184,12.8807643677797,1.4,87.5,25.707732992887102,0,1,0,0
1,0,1,0,0.7,7015.800197493336,27.09700700237012,20.108151950715605,2.555555555555556,78.05555555555556,15.407536312343078,0,1,0,0
1,0,1,0,0.7,4799.134988633269,19.36918804876896,15.723291349253088,0.4,25.0,14.620719591009935,0,1,0,0
1,0,1,0,0.7,5187.198776144354,20.917411480381475,23.157304336200507,2.333333333333333,75.0,13.72640945442248,0,1,0,0
1,0,1,0,0.7,425.2632127427989,1.5351796521884271,27.565750565926773,7.972222222222222,81.94444444444444,1.6999570512866755,0,1,0,0
1,0,1,0,0.7,8925.923111507944,36.02480106626184,12.8807643677797,1.4,87.5,25.707732992887102,0,1,0,0
1,0,1,0,0.7,7015.800197493336,27.09700700237012,20.108151950715605,2.555555555555556,78.05555555555556,15.407536312343078,0,1,0,0
0,0,1,1,0.3,425.2632127427989,1.5351796521884271,27.565750565926773,7.972222222222222,81.94444444444444,1.6999570512866755,1,0,0,1
0,0,1,1,0.3,5567.659526161002,18.55806000941744,36.54500034220483,4.833333333333333,75.0,13.795456653759237,1,0,0,1
0,0,1,1,0.3,9003.639711659469,31.71647794299161,27.301915893834312,13.5,78.94736842105263,20.787961640250742,1,0,0,1
0,0,1,1,0.3,6153.228101132635,20.941195403644148,57.47338318591135,7.0,43.75,15.470778970122751,1,0,0,1
0,0,1,1,0.3,9449.04935998578,31.4288016309252,28.866554658713746,14.0,93.30357142857144,18.38884846276257,1,0,0,1
1,1,1,1,0.5,425.2632127427989,1.5351796521884271,27.565750565926773,7.972222222222222,81.94444444444444,1.6999570512866755,1,0,0,1
1,1,1,1,0.5,5567.659526161002,18.55806000941744,36.54500034220483,4.833333333333333,75.0,13.795456653759237,1,0,0,1
1,1,1,1,0.5,9003.639711659469,31.71647794299161,27.301915893834312,13.5,78.94736842105263,20.787961640250742,1,0,0,1
1,1,1,1,0.5,6153.228101132635,20.941195403644148,57.47338318591135,7.0,43.75,15.470778970122751,1,0,0,1
1,1,1,1,0.5,9449.04935998578,31.4288016309252,28.866554658713746,14.0,93.30357142857144,18.38884846276257,1,0,0,1
1,0,1,1,0.7,425.2632127427989,1.5351796521884271,27.565750565926773,7.972222222222222,81.94444444444444,1.6999570512866755,1,0,0,1
1,0,1,1,0.7,5567.659526161002,18.55806000941744,36.54500034220483,4.833333333333333,75.0,13.795456653759237,1,0,0,1
1,0,1,1,0.7,9003.639711659469,31.71647794299161,27.301915893834312,13.5,78.94736842105263,20.787961640250742,1,0,0,1
1,0,1,1,0.7,6153.228101132635,20.941195403644148,57.47338318591135,7.0,43.75,15.470778970122751,1,0,0,1
1,0,1,1,0.7,9449.04935998578,31.4288016309252,28.866554658713746,14.0,93.30357142857144,18.38884846276257,1,0,0,1
1,0,1,1,0.7,425.2632127427989,1.5351796521884271,27.565750565926773,7.972222222222222,81.94444444444444,1.6999570512866755,0,1,0,1
1,0,1,1,0.7,5567.659526161002,18.55806000941744,36.54500034220483,4.833333333333333,75.0,13.795456653759237,0,1,0,1
1,0,1,1,0.7,9003.639711659469,31.71647794299161,27.301915893834312,13.5,78.94736842105263,20.787961640250742,0,1,0,1
1,0,1,1,0.7,6153.228101132635,20.941195403644148,57.47338318591135,7.0,43.75,15.470778970122751,0,1,0,1
1,0,1,1,0.7,9449.04935998578,31.4288016309252,28.866554658713746,14.0,93.30357142857144,18.38884846276257,0,1,0,1
1,0,1,1,0.7,425.2632127427989,1.5351796521884271,27.565750565926773,7.972222222222222,81.94444444444444,1.6999570512866755,0,1,0,1
1,0,1,1,0.7,5567.659526161002,18.55806000941744,36.54500034220483,4.833333333333333,75.0,13.795456653759237,0,1,0,1
1,0,1,1,0.7,9003.639711659469,31.71647794299161,27.301915893834312,13.5,78.94736842105263,20.787961640250742,0,1,0,1
1,0,1,1,0.7,6153.228101132635,20.941195403644148,57.47338318591135,7.0,43.75,15.470778970122751,0,1,0,1
1,0,1,1,0.7,9449.04935998578,31.4288016309252,28.866554658713746,14.0,93.30357142857144,18.38884846276257,0,1,0,1
0,0,1,1,0.3,7015.800197493336,27.09700700237012,20.108151950715605,2.555555555555556,78.05555555555556,15.407536312343078,1,0,0,0
0,0,1,1,0.3,9009.446888142902,31.263062572864985,16.117840390118694,4.0,57.5,27.271168318653835,1,0,0,0
0,0,1,1,0.3,5185.401822135842,18.87801746148181,26.04433621655628,7.0,47.61904761904762,14.227105817691656,1,0,0,0
0,0,1,1,0.3,6475.941333472477,22.56078852381164,28.55809872818777,7.433333333333334,70.87301587301586,14.900785707223887,1,0,0,0
0,0,1,1,0.3,427.3326687232732,1.610817955695272,24.307174718069547,1.0,66.66666666666666,2.084007187780773,1,0,0,0
0,0,1,1,0.3,7015.800197493336,27.09700700237012,20.108151950715605,2.555555555555556,78.05555555555556,15.407536312343078,1,0,0,0
0,0,1,1,0.3,9009.446888142902,31.263062572864985,16.117840390118694,4.0,57.5,27.271168318653835,1,0,0,0
0,0,1,1,0.3,5185.401822135842,18.87801746148181,26.04433621655628,7.0,47.61904761904762,14.227105817691656,1,0,0,0
0,0,1,1,0.3,6475.941333472477,22.56078852381164,28.55809872818777,7.433333333333334,70.87301587301586,14.900785707223887,1,0,0,0
0,0,1,1,0.3,427.3326687232732,1.610817955695272,24.307174718069547,1.0,66.66666666666666,2.084007187780773,1,0,0,0
0,0,1,0,0.3,7015.800197493336,27.09700700237012,20.108151950715605,2.555555555555556,78.05555555555556,15.407536312343078,1,0,0,0
0,0,1,0,0.3,9009.446888142902,31.263062572864985,16.117840390118694,4.0,57.5,27.271168318653835,1,0,0,0
0,0,1,0,0.3,5185.401822135842,18.87801746148181,26.04433621655628,7.0,47.61904761904762,14.227105817691656,1,0,0,0
0,0,1,0,0.3,6475.941333472477,22.56078852381164,28.55809872818777,7.433333333333334,70.87301587301586,14.900785707223887,1,0,0,0
0,0,1,0,0.3,427.3326687232732,1.610817955695272,24.307174718069547,1.0,66.66666666666666,2.084007187780773,1,0,0,0
1,1,1,0,0.5,7015.800197493336,27.09700700237012,20.108151950715605,2.555555555555556,78.05555555555556,15.407536312343078,0,1,0,0
1,1,1,0,0.5,9009.446888142902,31.263062572864985,16.117840390118694,4.0,57.5,27.271168318653835,0,1,0,0
1,1,1,0,0.5,5185.401822135842,18.87801746148181,26.04433621655628,7.0,47.61904761904762,14.227105817691656,0,1,0,0
1,1,1,0,0.5,6475.941333472477,22.56078852381164,28.55809872818777,7.433333333333334,70.87301587301586,14.900785707223887,0,1,0,0
1,1,1,0,0.5,427.3326687232732,1.610817955695272,24.307174718069547,1.0,66.66666666666666,2.084007187780773,0,1,0,0
1,1,1,0,0.5,7015.800197493336,27.09700700237012,20.108151950715605,2.555555555555556,78.05555555555556,15.407536312343078,0,1,0,0
1,1,1,0,0.5,9009.446888142902,31.263062572864985,16.117840390118694,4.0,57.5,27.271168318653835,0,1,0,0
1,1,1,0,0.5,5185.401822135842,18.87801746148181,26.04433621655628,7.0,47.61904761904762,14.227105817691656,0,1,0,0
1,1,1,0,0.5,6475.941333472477,22.56078852381164,28.55809872818777,7.433333333333334,70.87301587301586,14.900785707223887,0,1,0,0
1,1,1,0,0.5,427.3326687232732,1.610817955695272,24.307174718069547,1.0,66.66666666666666,2.084007187780773,0,1,0,0
0,0,1,1,0.3,610.5312400191988,2.186591159705209,45.31647656827246,7.083333333333333,71.66666666666666,2.469048401571703,1,0,0,1
0,0,1,1,0.3,6713.461710582521,22.573303651021927,35.85599606673921,10.0,66.48148148148148,15.757167589753251,1,0,0,1
0,0,1,1,0.3,8747.497887353937,28.350867098635877,44.467613191877575,8.0,53.333333333333336,23.003006189213085,1,0,0,1
0,0,1,1,0.3,5867.888452287823,19.01797837538604,36.31801095213652,5.0,33.33333333333333,15.49911190053286,1,0,0,1
0,0,1,1,0.3,7738.101375629591,25.07938687397701,49.33824304059643,9.0,60.0,15.651727421109902,1,0,0,1
0,0,1,1,0.3,610.5312400191988,2.186591159705209,45.31647656827246,7.083333333333333,71.66666666666666,2.469048401571703,1,0,0,1
0,0,1,1,0.3,6713.461710582521,22.573303651021927,35.85599606673921,10.0,66.48148148148148,15.757167589753251,1,0,0,1
0,0,1,1,0.3,8747.497887353937,28.350867098635877,44.467613191877575,8.0,53.333333333333336,23.003006189213085,1,0,0,1
0,0,1,1,0.3,5867.888452287823,19.01797837538604,36.31801095213652,5.0,33.33333333333333,15.49911190053286,1,0,0,1
0,0,1,1,0.3,7738.101375629591,25.07938687397701,49.33824304059643,9.0,60.0,15.651727421109902,1,0,0,1
1,1,1,1,0.5,610.5312400191988,2.186591159705209,45.31647656827246,7.083333333333333,71.66666666666666,2.469048401571703,1,0,0,1
1,1,1,1,0.5,6713.461710582521,22.573303651021927,35.85599606673921,10.0,66.48148148148148,15.757167589753251,1,0,0,1
1,1,1,1,0.5,8747.497887353937,28.350867098635877,44.467613191877575,8.0,53.333333333333336,23.003006189213085,1,0,0,1
1,1,1,1,0.5,5867.888452287823,19.01797837538604,36.31801095213652,5.0,33.33333333333333,15.49911190053286,1,0,0,1
1,1,1,1,0.5,7738.101375629591,25.07938687397701,49.33824304059643,9.0,60.0,15.651727421109902,1,0,0,1
1,1,1,1,0.5,610.5312400191988,2.186591159705209,45.31647656827246,7.083333333333333,71.66666666666666,2.469048401571703,0,1,0,1
1,1,1,1,0.5,6713.461710582521,22.573303651021927,35.85599606673921,10.0,66.48148148148148,15.757167589753251,0,1,0,1
1,1,1,1,0.5,8747.497887353937,28.350867098635877,44.467613191877575,8.0,53.333333333333336,23.003006189213085,0,1,0,1
1,1,1,1,0.5,5867.888452287823,19.01797837538604,36.31801095213652,5.0,33.33333333333333,15.49911190053286,0,1,0,1
1,1,1,1,0.5,7738.101375629591,25.07938687397701,49.33824304059643,9.0,60.0,15.651727421109902,0,1,0,1
1,1,1,1,0.5,610.5312400191988,2.186591159705209,45.31647656827246,7.083333333333333,71.66666666666666,2.469048401571703,0,1,0,1
1,1,1,1,0.5,6713.461710582521,22.573303651021927,35.85599606673921,10.0,66.48148148148148,15.757167589753251,0,1,0,1
1,1,1,1,0.5,8747.497887353937,28.350867098635877,44.467613191877575,8.0,53.333333333333336,23.003006189213085,0,1,0,1
1,1,1,1,0.5,5867.888452287823,19.01797837538604,36.31801095213652,5.0,33.33333333333333,15.49911190053286,0,1,0,1
1,1,1,1,0.5,7738.101375629591,25.07938687397701,49.33824304059643,9.0,60.0,15.651727421109902,0,1,0,1
0,0,1,1,0.3,6323.875559360632,24.359526829861696,13.321924701796322,2.6666666666666665,69.44444444444444,14.211407055755332,1,0,0,0
0,0,1,1,0.3,7296.751011563628,28.59968605140216,13.418013316543556,0.9555555555555556,57.93650793650793,24.583700401109496,1,0,0,0
0,0,1,1,0.3,6370.543856667922,24.05974847895955,25.83194453954328,0.8,28.57142857142857,17.278601282574755,1,0,0,0
0,0,1,1,0.3,4455.058174670567,19.936964400448325,16.391121487544233,0.9666666666666666,90.0,13.187506827134312,1,0,0,0
0,0,1,1,0.3,901.659852665384,3.1800731206051664,26.02650378150916,4.366666666666666,81.16883116883118,3.400919682408846,1,0,0,0
0,0,1,0,0.3,6323.875559360632,24.359526829861696,13.321924701796322,2.6666666666666665,69.44444444444444,14.211407055755332,1,0,0,0
0,0,1,0,0.3,7296.751011563628,28.59968605140216,13.418013316543556,0.9555555555555556,57.93650793650793,24.583700401109496,1,0,0,0
0,0,1,0,0.3,6370.543856667922,24.05974847895955,25.83194453954328,0.8,28.57142857142857,17.278601282574755,1,0,0,0
0,0,1,0,0.3,4455.058174670567,19.936964400448325,16.391121487544233,0.9666666666666666,90.0,13.187506827134312,1,0,0,0
0,0,1,0,0.3,901.659852665384,3.1800731206051664,26.02650378150916,4.366666666666666,81.16883116883118,3.400919682408846,1,0,0,0
0,0,1,0,0.3,6323.875559360632,24.359526829861696,13.321924701796322,2.6666666666666665,69.44444444444444,14.211407055755332,1,0,0,0
0,0,1,0,0.3,7296.751011563628,28.59968605140216,13.418013316543556,0.9555555555555556,57.93650793650793,24.583700401109496,1,0,0,0
0,0,1,0,0.3,6370.543856667922,24.05974847895955,25.83194453954328,0.8,28.57142857142857,17.278601282574755,1,0,0,0
0,0,1,0,0.3,4455.058174670567,19.936964400448325,16.391121487544233,0.9666666666666666,90.0,13.187506827134312,1,0,0,0
0,0,1,0,0.3,901.659852665384,3.1800731206051664,26.02650378150916,4.366666666666666,81.16883116883118,3.400919682408846,1,0,0,0
1,1,1,0,0.5,6323.875559360632,24.359526829861696,13.321924701796322,2.6666666666666665,69.44444444444444,14.211407055755332,0,1,0,0
1,1,1,0,0.5,7296.751011563628,28.59968605140216,13.418013316543556,0.9555555555555556,57.93650793650793,24.583700401109496,0,1,0,0
1,1,1,0,0.5,6370.543856667922,24.05974847895955,25.83194453954328,0.8,28.57142857142857,17.278601282574755,0,1,0,0
1,1,1,0,0.5,4455.058174670567,19.936964400448325,16.391121487544233,0.9666666666666666,90.0,13.187506827134312,0,1,0,0
1,1,1,0,0.5,901.659852665384,3.1800731206051664,26.02650378150916,4.366666666666666,81.16883116883118,3.400919682408846,0,1,0,0
1,1,1,0,0.5,6323.875559360632,24.359526829861696,13.321924701796322,2.6666666666666665,69.44444444444444,14.211407055755332,0,1,0,0
1,1,1,0,0.5,7296.751011563628,28.59968605140216,13.418013316543556,0.9555555555555556,57.93650793650793,24.583700401109496,0,1,0,0
1,1,1,0,0.5,6370.543856667922,24.05974847895955,25.83194453954328,0.8,28.57142857142857,17.278601282574755,0,1,0,0
1,1,1,0,0.5,4455.058174670567,19.936964400448325,16.391121487544233,0.9666666666666666,90.0,13.187506827134312,0,1,0,0
1,1,1,0,0.5,901.659852665384,3.1800731206051664,26.02650378150916,4.366666666666666,81.16883116883118,3.400919682408846,0,1,0,0
0,0,1,1,0.3,5185.401822135842,18.87801746148181,26.04433621655628,7.0,47.61904761904762,14.227105817691656,1,0,0,1
0,0,1,1,0.3,9138.348861302353,32.29477443897123,21.84557939591048,6.75,61.11111111111111,22.934860760339763,1,0,0,1
0,0,1,1,0.3,901.659852665384,3.1800731206051664,26.02650378150916,4.366666666666666,81.16883116883118,3.400919682408846,1,0,0,1
0,0,1,1,0.3,6475.941333472477,22.56078852381164,28.55809872818777,7.433333333333334,70.87301587301586,14.900785707223887,1,0,0,1
0,0,1,1,0.3,6388.919265522995,23.995472475866613,36.78966925710381,10.166666666666666,72.61904761904762,15.1786757143833,1,0,0,1
1,1,1,1,0.5,5185.401822135842,18.87801746148181,26.04433621655628,7.0,47.61904761904762,14.227105817691656,1,0,0,1
1,1,1,1,0.5,9138.348861302353,32.29477443897123,21.84557939591048,6.75,61.11111111111111,22.934860760339763,1,0,0,1
1,1,1,1,0.5,901.659852665384,3.1800731206051664,26.02650378150916,4.366666666666666,81.16883116883118,3.400919682408846,1,0,0,1
1,1,1,1,0.5,6475.941333472477,22.56078852381164,28.55809872818777,7.433333333333334,70.87301587301586,14.900785707223887,1,0,0,1
1,1,1,1,0.5,6388.919265522995,23.995472475866613,36.78966925710381,10.166666666666666,72.61904761904762,15.1786757143833,1,0,0,1
1,1,1,1,0.5,5185.401822135842,18.87801746148181,26.04433621655628,7.0,47.61904761904762,14.227105817691656,1,0,0,1
1,1,1,1,0.5,9138.348861302353,32.29477443897123,21.84557939591048,6.75,61.11111111111111,22.934860760339763,1,0,0,1
1,1,1,1,0.5,901.659852665384,3.1800731206051664,26.02650378150916,4.366666666666666,81.16883116883118,3.400919682408846,1,0,0,1
1,1,1,1,0.5,6475.941333472477,22.56078852381164,28.55809872818777,7.433333333333334,70.87301587301586,14.900785707223887,1,0,0,1
1,1,1,1,0.5,6388.919265522995,23.995472475866613,36.78966925710381,10.166666666666666,72.61904761904762,15.1786757143833,1,0,0,1
1,1,1,1,0.5,5185.401822135842,18.87801746148181,26.04433621655628,7.0,47.61904761904762,14.227105817691656,0,1,0,1
1,1,1,1,0.5,9138.348861302353,32.29477443897123,21.84557939591048,6.75,61.11111111111111,22.934860760339763,0,1,0,1
1,1,1,1,0.5,901.659852665384,3.1800731206051664,26.02650378150916,4.366666666666666,81.16883116883118,3.400919682408846,0,1,0,1
1,1,1,1,0.5,6475.941333472477,22.56078852381164,28.55809872818777,7.433333333333334,70.87301587301586,14.900785707223887,0,1,0,1
1,1,1,1,0.5,6388.919265522995,23.995472475866613,36.78966925710381,10.166666666666666,72.61904761904762,15.1786757143833,0,1,0,1
1,1,1,1,0.5,5185.401822135842,18.87801746148181,26.04433621655628,7.0,47.61904761904762,14.227105817691656,0,1,0,1
1,1,1,1,0.5,9138.348861302353,32.29477443897123,21.84557939591048,6.75,61.11111111111111,22.934860760339763,0,1,0,1
1,1,1,1,0.5,901.659852665384,3.1800731206051664,26.02650378150916,4.366666666666666,81.16883116883118,3.400919682408846,0,1,0,1
1,1,1,1,0.5,6475.941333472477,22.56078852381164,28.55809872818777,7.433333333333334,70.87301587301586,14.900785707223887,0,1,0,1
1,1,1,1,0.5,6388.919265522995,23.995472475866613,36.78966925710381,10.166666666666666,72.61904761904762,15.1786757143833,0,1,0,1
0,0,1,1,0.3,6881.264953730253,26.166827409258826,21.20767551965421,9.5,86.40350877192984,14.772280962750514,1,0,0,0
0,0,1,1,0.3,5229.669742015479,20.258322099971945,13.715026856939827,1.5444444444444445,61.96581196581196,13.694778238863227,1,0,0,0
0,0,1,1,0.3,5187.198776144354,20.917411480381475,23.157304336200507,2.333333333333333,75.0,13.72640945442248,1,0,0,0
0,0,1,1,0.3,409.684639992721,1.6721267188028996,23.744484850647453,1.75,71.96581196581197,1.8697329649122607,1,0,0,0
0,0,1,1,0.3,3855.964985125846,15.594264965364957,17.68013240902669,0.7833333333333334,54.16666666666667,13.328159386613034,1,0,0,0
0,0,1,1,0.3,6881.264953730253,26.166827409258826,21.20767551965421,9.5,86.40350877192984,14.772280962750514,1,0,0,0
0,0,1,1,0.3,5229.669742015479,20.258322099971945,13.715026856939827,1.5444444444444445,61.96581196581196,13.694778238863227,1,0,0,0
0,0,1,1,0.3,5187.198776144354,20.917411480381475,23.157304336200507,2.333333333333333,75.0,13.72640945442248,1,0,0,0
0,0,1,1,0.3,409.684639992721,1.6721267188028996,23.744484850647453,1.75,71.96581196581197,1.8697329649122607,1,0,0,0
0,0,1,1,0.3,3855.964985125846,15.594264965364957,17.68013240902669,0.7833333333333334,54.16666666666667,13.328159386613034,1,0,0,0
1,1,1,1,0.5,6881.264953730253,26.166827409258826,21.20767551965421,9.5,86.40350877192984,14.772280962750514,1,0,0,0
1,1,1,1,0.5,5229.669742015479,20.258322099971945,13.715026856939827,1.5444444444444445,61.96581196581196,13.694778238863227,1,0,0,0
1,1,1,1,0.5,5187.198776144354,20.917411480381475,23.157304336200507,2.333333333333333,75.0,13.72640945442248,1,0,0,0
1,1,1,1,0.5,409.684639992721,1.6721267188028996,23.744484850647453,1.75,71.96581196581197,1.8697329649122607,1,0,0,0
1,1,1,1,0.5,3855.964985125846,15.594264965364957,17.68013240902669,0.7833333333333334,54.16666666666667,13.328159386613034,1,0,0,0
1,1,1,1,0.5,6881.264953730253,26.166827409258826,21.20767551965421,9.5,86.40350877192984,14.772280962750514,0,1,0,0
1,1,1,1,0.5,5229.669742015479,20.258322099971945,13.715026856939827,1.5444444444444445,61.96581196581196,13.694778238863227,0,1,0,0
1,1,1,1,0.5,5187.198776144354,20.917411480381475,23.157304336200507,2.333333333333333,75.0,13.72640945442248,0,1,0,0
1,1,1,1,0.5,409.684639992721,1.6721267188028996,23.744484850647453,1.75,71.96581196581197,1.8697329649122607,0,1,0,0
1,1,1,1,0.5,3855.964985125846,15.594264965364957,17.68013240902669,0.7833333333333334,54.16666666666667,13.328159386613034,0,1,0,0
1,1,1,1,0.5,6881.264953730253,26.166827409258826,21.20767551965421,9.5,86.40350877192984,14.772280962750514,0,1,0,0
1,1,1,1,0.5,5229.669742015479,20.258322099971945,13.715026856939827,1.5444444444444445,61.96581196581196,13.694778238863227,0,1,0,0
1,1,1,1,0.5,5187.198776144354,20.917411480381475,23.157304336200507,2.333333333333333,75.0,13.72640945442248,0,1,0,0
1,1,1,1,0.5,409.684639992721,1.6721267188028996,23.744484850647453,1.75,71.96581196581197,1.8697329649122607,0,1,0,0
1,1,1,1,0.5,3855.964985125846,15.594264965364957,17.68013240902669,0.7833333333333334,54.16666666666667,13.328159386613034,0,1,0,0
0,0,1,1,0.3,587.1011748656251,2.1678583099361663,31.256468610987344,8.916666666666666,81.11111111111111,2.3855253891885257,1,0,0,1
0,0,1,1,0.3,9138.348861302353,32.29477443897123,21.84557939591048,6.75,61.11111111111111,22.934860760339763,1,0,0,1
0,0,1,1,0.3,5461.688973552818,19.4141370039295,28.508405217462517,17.0,94.44444444444444,13.108533747090767,1,0,0,1
0,0,1,1,0.3,6135.944022489919,21.21227091031797,45.82120835829737,5.166666666666667,60.6280193236715,14.3017975222739,1,0,0,1
0,0,1,1,0.3,6713.461710582521,22.573303651021927,35.85599606673921,10.0,66.48148148148148,15.757167589753251,1,0,0,1
0,0,1,1,0.3,587.1011748656251,2.1678583099361663,31.256468610987344,8.916666666666666,81.11111111111111,2.3855253891885257,1,0,0,1
0,0,1,1,0.3,9138.348861302353,32.29477443897123,21.84557939591048,6.75,61.11111111111111,22.934860760339763,1,0,0,1
0,0,1,1,0.3,5461.688973552818,19.4141370039295,28.508405217462517,17.0,94.44444444444444,13.108533747090767,1,0,0,1
0,0,1,1,0.3,6135.944022489919,21.21227091031797,45.82120835829737,5.166666666666667,60.6280193236715,14.3017975222739,1,0,0,1
0,0,1,1,0.3,6713.461710582521,22.573303651021927,35.85599606673921,10.0,66.48148148148148,15.757167589753251,1,0,0,1
0,0,1,1,0.3,587.1011748656251,2.1678583099361663,31.256468610987344,8.916666666666666,81.11111111111111,2.3855253891885257,1,0,0,1
0,0,1,1,0.3,9138.348861302353,32.29477443897123,21.84557939591048,6.75,61.11111111111111,22.934860760339763,1,0,0,1
0,0,1,1,0.3,5461.688973552818,19.4141370039295,28.508405217462517,17.0,94.44444444444444,13.108533747090767,1,0,0,1
0,0,1,1,0.3,6135.944022489919,21.21227091031797,45.82120835829737,5.166666666666667,60.6280193236715,14.3017975222739,1,0,0,1
0,0,1,1,0.3,6713.461710582521,22.573303651021927,35.85599606673921,10.0,66.48148148148148,15.757167589753251,1,0,0,1
0,0,1,1,0.3,587.1011748656251,2.1678583099361663,31.256468610987344,8.916666666666666,81.11111111111111,2.3855253891885257,0,1,0,1
0,0,1,1,0.3,9138.348861302353,32.29477443897123,21.84557939591048,6.75,61.11111111111111,22.934860760339763,0,1,0,1
0,0,1,1,0.3,5461.688973552818,19.4141370039295,28.508405217462517,17.0,94.44444444444444,13.108533747090767,0,1,0,1
0,0,1,1,0.3,6135.944022489919,21.21227091031797,45.82120835829737,5.166666666666667,60.6280193236715,14.3017975222739,0,1,0,1
0,0,1,1,0.3,6713.461710582521,22.573303651021927,35.85599606673921,10.0,66.48148148148148,15.757167589753251,0,1,0,1
1,1,1,1,0.5,587.1011748656251,2.1678583099361663,31.256468610987344,8.916666666666666,81.11111111111111,2.3855253891885257,0,1,0,1
1,1,1,1,0.5,9138.348861302353,32.29477443897123,21.84557939591048,6.75,61.11111111111111,22.934860760339763,0,1,0,1
1,1,1,1,0.5,5461.688973552818,19.4141370039295,28.508405217462517,17.0,94.44444444444444,13.108533747090767,0,1,0,1
1,1,1,1,0.5,6135.944022489919,21.21227091031797,45.82120835829737,5.166666666666667,60.6280193236715,14.3017975222739,0,1,0,1
1,1,1,1,0.5,6713.461710582521,22.573303651021927,35.85599606673921,10.0,66.48148148148148,15.757167589753251,0,1,0,1
0,0,1,1,0.3,4454.905324130441,20.341199407867453,22.897564307832877,1.5,60.0,13.546491055632004,1,0,0,0
0,0,1,1,0.3,4455.058174670567,19.936964400448325,16.391121487544233,0.9666666666666666,90.0,13.187506827134312,1,0,0,0
0,0,1,1,0.3,409.684639992721,1.6721267188028996,23.744484850647453,1.75,71.96581196581197,1.8697329649122607,1,0,0,0
0,0,1,1,0.3,8215.270270213228,30.98421134073635,18.258717719408487,2.9722222222222228,80.02136752136752,23.2580730130476,1,0,0,0
0,0,1,1,0.3,7858.5662658574365,29.962621509110807,32.6879381225098,4.0,75.0,17.372048930280418,1,0,0,0
0,0,1,0,0.3,4454.905324130441,20.341199407867453,22.897564307832877,1.5,60.0,13.546491055632004,1,0,0,0
0,0,1,0,0.3,4455.058174670567,19.936964400448325,16.391121487544233,0.9666666666666666,90.0,13.187506827134312,1,0,0,0
0,0,1,0,0.3,409.684639992721,1.6721267188028996,23.744484850647453,1.75,71.96581196581197,1.8697329649122607,1,0,0,0
0,0,1,0,0.3,8215.270270213228,30.98421134073635,18.258717719408487,2.9722222222222228,80.02136752136752,23.2580730130476,1,0,0,0
0,0,1,0,0.3,7858.5662658574365,29.962621509110807,32.6879381225098,4.0,75.0,17.372048930280418,1,0,0,0
1,1,1,0,0.5,4454.905324130441,20.341199407867453,22.897564307832877,1.5,60.0,13.546491055632004,1,0,0,0
1,1,1,0,0.5,4455.058174670567,19.936964400448325,16.391121487544233,0.9666666666666666,90.0,13.187506827134312,1,0,0,0
1,1,1,0,0.5,409.684639992721,1.6721267188028996,23.744484850647453,1.75,71.96581196581197,1.8697329649122607,1,0,0,0
1,1,1,0,0.5,8215.270270213228,30.98421134073635,18.258717719408487,2.9722222222222228,80.02136752136752,23.2580730130476,1,0,0,0
1,1,1,0,0.5,7858.5662658574365,29.962621509110807,32.6879381225098,4.0,75.0,17.372048930280418,1,0,0,0
1,1,1,0,0.5,4454.905324130441,20.341199407867453,22.897564307832877,1.5,60.0,13.546491055632004,0,1,0,0
1,1,1,0,0.5,4455.058174670567,19.936964400448325,16.391121487544233,0.9666666666666666,90.0,13.187506827134312,0,1,0,0
1,1,1,0,0.5,409.684639992721,1.6721267188028996,23.744484850647453,1.75,71.96581196581197,1.8697329649122607,0,1,0,0
1,1,1,0,0.5,8215.270270213228,30.98421134073635,18.258717719408487,2.9722222222222228,80.02136752136752,23.2580730130476,0,1,0,0
1,1,1,0,0.5,7858.5662658574365,29.962621509110807,32.6879381225098,4.0,75.0,17.372048930280418,0,1,0,0
1,1,1,0,0.5,4454.905324130441,20.341199407867453,22.897564307832877,1.5,60.0,13.546491055632004,0,1,0,0
1,1,1,0,0.5,4455.058174670567,19.936964400448325,16.391121487544233,0.9666666666666666,90.0,13.187506827134312,0,1,0,0
1,1,1,0,0.5,409.684639992721,1.6721267188028996,23.744484850647453,1.75,71.96581196581197,1.8697329649122607,0,1,0,0
1,1,1,0,0.5,8215.270270213228,30.98421134073635,18.258717719408487,2.9722222222222228,80.02136752136752,23.2580730130476,0,1,0,0
1,1,1,0,0.5,7858.5662658574365,29.962621509110807,32.6879381225098,4.0,75.0,17.372048930280418,0,1,0,0
0,0,1,1,0.3,6692.2904185951065,22.25106205915317,32.46616277025839,4.5,75.0,16.666959909513636,1,0,0,1
0,0,1,1,0.3,8215.270270213228,30.98421134073635,18.258717719408487,2.9722222222222228,80.02136752136752,23.2580730130476,1,0,0,1
0,0,1,1,0.3,425.2632127427989,1.5351796521884271,27.565750565926773,7.972222222222222,81.94444444444444,1.6999570512866755,1,0,0,1
0,0,1,1,0.3,6713.461710582521,22.573303651021927,35.85599606673921,10.0,66.48148148148148,15.757167589753251,1,0,0,1
0,0,1,1,0.3,6323.875559360632,24.359526829861696,13.321924701796322,2.6666666666666665,69.44444444444444,14.211407055755332,1,0,0,1
1,1,1,1,0.5,6692.2904185951065,22.25106205915317,32.46616277025839,4.5,75.0,16.666959909513636,1,0,0,1
1,1,1,1,0.5,8215.270270213228,30.98421134073635,18.258717719408487,2.9722222222222228,80.02136752136752,23.2580730130476,1,0,0,1
1,1,1,1,0.5,425.2632127427989,1.5351796521884271,27.565750565926773,7.972222222222222,81.94444444444444,1.6999570512866755,1,0,0,1
1,1,1,1,0.5,6713.461710582521,22.573303651021927,35.85599606673921,10.0,66.48148148148148,15.757167589753251,1,0,0,1
1,1,1,1,0.5,6323.875559360632,24.359526829861696,13.321924701796322,2.6666666666666665,69.44444444444444,14.211407055755332,1,0,0,1
1,1,1,0,0.5,6692.2904185951065,22.25106205915317,32.46616277025839,4.5,75.0,16.666959909513636,1,0,0,1
1,1,1,0,0.5,8215.270270213228,30.98421134073635,18.258717719408487,2.9722222222222228,80.02136752136752,23.2580730130476,1,0,0,1
1,1,1,0,0.5,425.2632127427989,1.5351796521884271,27.565750565926773,7.972222222222222,81.94444444444444,1.6999570512866755,1,0,0,1
1,1,1,0,0.5,6713.461710582521,22.573303651021927,35.85599606673921,10.0,66.48148148148148,15.757167589753251,1,0,0,1
1,1,1,0,0.5,6323.875559360632,24.359526829861696,13.321924701796322,2.6666666666666665,69.44444444444444,14.211407055755332,1,0,0,1
1,1,1,0,0.5,6692.2904185951065,22.25106205915317,32.46616277025839,4.5,75.0,16.666959909513636,0,1,0,1
1,1,1,0,0.5,8215.270270213228,30.98421134073635,18.258717719408487,2.9722222222222228,80.02136752136752,23.2580730130476,0,1,0,1
1,1,1,0,0.5,425.2632127427989,1.5351796521884271,27.565750565926773,7.972222222222222,81.94444444444444,1.6999570512866755,0,1,0,1
1,1,1,0,0.5,6713.461710582521,22.573303651021927,35.85599606673921,10.0,66.48148148148148,15.757167589753251,0,1,0,1
1,1,1,0,0.5,6323.875559360632,24.359526829861696,13.321924701796322,2.6666666666666665,69.44444444444444,14.211407055755332,0,1,0,1
1,1,1,0,0.5,6692.2904185951065,22.25106205915317,32.46616277025839,4.5,75.0,16.666959909513636,0,1,0,1
1,1,1,0,0.5,8215.270270213228,30.98421134073635,18.258717719408487,2.9722222222222228,80.02136752136752,23.2580730130476,0,1,0,1
1,1,1,0,0.5,425.2632127427989,1.5351796521884271,27.565750565926773,7.972222222222222,81.94444444444444,1.6999570512866755,0,1,0,1
1,1,1,0,0.5,6713.461710582521,22.573303651021927,35.85599606673921,10.0,66.48148148148148,15.757167589753251,0,1,0,1
1,1,1,0,0.5,6323.875559360632,24.359526829861696,13.321924701796322,2.6666666666666665,69.44444444444444,14.211407055755332,0,1,0,1
0,0,1,1,0.3,7015.800197493336,27.09700700237012,20.108151950715605,2.555555555555556,78.05555555555556,15.407536312343078,1,0,0,0
0,0,1,1,0.3,5911.013425140427,20.697022297406804,34.21171925936436,9.9,70.9090909090909,13.413588141373303,1,0,0,0
0,0,1,1,0.3,4249.235114820126,17.016935184262735,21.724087404748587,1.1666666666666667,52.5,12.594300395743009,1,0,0,0
0,0,1,1,0.3,587.1011748656251,2.1678583099361663,31.256468610987344,8.916666666666666,81.11111111111111,2.3855253891885257,1,0,0,0
0,0,1,1,0.3,6985.906656091963,26.72113032190819,28.59795744494748,3.25,86.66666666666667,21.005614141567406,1,0,0,0
0,0,1,0,0.3,7015.800197493336,27.09700700237012,20.108151950715605,2.555555555555556,78.05555555555556,15.407536312343078,1,0,0,0
0,0,1,0,0.3,5911.013425140427,20.697022297406804,34.21171925936436,9.9,70.9090909090909,13.413588141373303,1,0,0,0
0,0,1,0,0.3,4249.235114820126,17.016935184262735,21.724087404748587,1.1666666666666667,52.5,12.594300395743009,1,0,0,0
0,0,1,0,0.3,587.1011748656251,2.1678583099361663,31.256468610987344,8.916666666666666,81.11111111111111,2.3855253891885257,1,0,0,0
0,0,1,0,0.3,6985.906656091963,26.72113032190819,28.59795744494748,3.25,86.66666666666667,21.005614141567406,1,0,0,0
1,1,1,0,0.5,7015.800197493336,27.09700700237012,20.108151950715605,2.555555555555556,78.05555555555556,15.407536312343078,1,0,0,0
1,1,1,0,0.5,5911.013425140427,20.697022297406804,34.21171925936436,9.9,70.9090909090909,13.413588141373303,1,0,0,0
1,1,1,0,0.5,4249.235114820126,17.016935184262735,21.724087404748587,1.1666666666666667,52.5,12.594300395743009,1,0,0,0
1,1,1,0,0.5,587.1011748656251,2.1678583099361663,31.256468610987344,8.916666666666666,81.11111111111111,2.3855253891885257,1,0,0,0
1,1,1,0,0.5,6985.906656091963,26.72113032190819,28.59795744494748,3.25,86.66666666666667,21.005614141567406,1,0,0,0
1,1,1,0,0.5,7015.800197493336,27.09700700237012,20.108151950715605,2.555555555555556,78.05555555555556,15.407536312343078,0,1,0,0
1,1,1,0,0.5,5911.013425140427,20.697022297406804,34.21171925936436,9.9,70.9090909090909,13.413588141373303,0,1,0,0
1,1,1,0,0.5,4249.235114820126,17.016935184262735,21.724087404748587,1.1666666666666667,52.5,12.594300395743009,0,1,0,0
1,1,1,0,0.5,587.1011748656251,2.1678583099361663,31.256468610987344,8.916666666666666,81.11111111111111,2.3855253891885257,0,1,0,0
1,1,1,0,0.5,6985.906656091963,26.72113032190819,28.59795744494748,3.25,86.66666666666667,21.005614141567406,0,1,0,0
1,1,1,0,0.5,7015.800197493336,27.09700700237012,20.108151950715605,2.555555555555556,78.05555555555556,15.407536312343078,0,1,0,0
1,1,1,0,0.5,5911.013425140427,20.697022297406804,34.21171925936436,9.9,70.9090909090909,13.413588141373303,0,1,0,0
1,1,1,0,0.5,4249.235114820126,17.016935184262735,21.724087404748587,1.1666666666666667,52.5,12.594300395743009,0,1,0,0
1,1,1,0,0.5,587.1011748656251,2.1678583099361663,31.256468610987344,8.916666666666666,81.11111111111111,2.3855253891885257,0,1,0,0
1,1,1,0,0.5,6985.906656091963,26.72113032190819,28.59795744494748,3.25,86.66666666666667,21.005614141567406,0,1,0,0
0,0,1,1,0.3,4806.951111051315,18.21078250406753,28.964550967701665,4.833333333333333,54.01109611635928,12.963315383494622,1,0,0,0
0,0,1,1,0.3,7740.086000955565,33.61071646032068,4.734841927658563,1.0,55.55555555555556,25.167173252279635,1,0,0,0
0,0,1,1,0.3,335.57410321764013,1.2493981391849944,34.17394003956942,5.083333333333333,80.75048732943469,1.3782497008162702,1,0,0,0
0,0,1,1,0.3,5142.348708376346,20.527841249060256,28.562242255750466,1.6444444444444446,69.81481481481482,14.421707444913425,1,0,0,0
0,0,1,1,0.3,5979.524571206991,25.96561651970623,7.213832166573188,1.6,88.88888888888889,14.297102649006623,1,0,0,0
1,1,1,1,0.5,4806.951111051315,18.21078250406753,28.964550967701665,4.833333333333333,54.01109611635928,12.963315383494622,1,0,0,0
1,1,1,1,0.5,7740.086000955565,33.61071646032068,4.734841927658563,1.0,55.55555555555556,25.167173252279635,1,0,0,0
1,1,1,1,0.5,335.57410321764013,1.2493981391849944,34.17394003956942,5.083333333333333,80.75048732943469,1.3782497008162702,1,0,0,0
1,1,1,1,0.5,5142.348708376346,20.527841249060256,28.562242255750466,1.6444444444444446,69.81481481481482,14.421707444913425,1,0,0,0
1,1,1,1,0.5,5979.524571206991,25.96561651970623,7.213832166573188,1.6,88.88888888888889,14.297102649006623,1,0,0,0
1,1,1,0,0.5,4806.951111051315,18.21078250406753,28.964550967701665,4.833333333333333,54.01109611635928,12.963315383494622,1,0,0,0
1,1,1,0,0.5,7740.086000955565,33.61071646032068,4.734841927658563,1.0,55.55555555555556,25.167173252279635,1,0,0,0
1,1,1,0,0.5,335.57410321764013,1.2493981391849944,34.17394003956942,5.083333333333333,80.75048732943469,1.3782497008162702,1,0,0,0
1,1,1,0,0.5,5142.348708376346,20.527841249060256,28.562242255750466,1.6444444444444446,69.81481481481482,14.421707444913425,1,0,0,0
1,1,1,0,0.5,5979.524571206991,25.96561651970623,7.213832166573188,1.6,88.88888888888889,14.297102649006623,1,0,0,0
1,1,1,0,0.5,4806.951111051315,18.21078250406753,28.964550967701665,4.833333333333333,54.01109611635928,12.963315383494622,0,1,0,0
1,1,1,0,0.5,7740.086000955565,33.61071646032068,4.734841927658563,1.0,55.55555555555556,25.167173252279635,0,1,0,0
1,1,1,0,0.5,335.57410321764013,1.2493981391849944,34.17394003956942,5.083333333333333,80.75048732943469,1.3782497008162702,0,1,0,0
1,1,1,0,0.5,5142.348708376346,20.527841249060256,28.562242255750466,1.6444444444444446,69.81481481481482,14.421707444913425,0,1,0,0
1,1,1,0,0.5,5979.524571206991,25.96561651970623,7.213832166573188,1.6,88.88888888888889,14.297102649006623,0,1,0,0
1,1,1,0,0.5,4806.951111051315,18.21078250406753,28.964550967701665,4.833333333333333,54.01109611635928,12.963315383494622,0,1,0,0
1,1,1,0,0.5,7740.086000955565,33.61071646032068,4.734841927658563,1.0,55.55555555555556,25.167173252279635,0,1,0,0
1,1,1,0,0.5,335.57410321764013,1.2493981391849944,34.17394003956942,5.083333333333333,80.75048732943469,1.3782497008162702,0,1,0,0
1,1,1,0,0.5,5142.348708376346,20.527841249060256,28.562242255750466,1.6444444444444446,69.81481481481482,14.421707444913425,0,1,0,0
1,1,1,0,0.5,5979.524571206991,25.96561651970623,7.213832166573188,1.6,88.88888888888889,14.297102649006623,0,1,0,0
0,0,1,1,0.3,9325.737274697576,31.338487402779474,46.27831211007015,9.0,78.26086956521739,18.49612030488224,1,0,0,1
0,0,1,1,0.3,4929.232708060685,16.564341518181767,42.58276380204546,17.0,73.91304347826086,10.135473766640564,1,0,0,1
0,0,1,1,0.3,6135.944022489919,21.21227091031797,45.82120835829737,5.166666666666667,60.6280193236715,14.3017975222739,1,0,0,1
0,0,1,1,0.3,641.0948849512176,2.1543544906138927,48.52487357213255,10.5,91.30434782608695,2.226939266386049,1,0,0,1
0,0,1,1,0.3,8948.129344047089,32.58707659814953,27.604561943328523,10.25,87.31884057971014,22.235374016112832,1,0,0,1
0,0,1,1,0.3,9325.737274697576,31.338487402779474,46.27831211007015,9.0,78.26086956521739,18.49612030488224,1,0,0,1
0,0,1,1,0.3,4929.232708060685,16.564341518181767,42.58276380204546,17.0,73.91304347826086,10.135473766640564,1,0,0,1
0,0,1,1,0.3,6135.944022489919,21.21227091031797,45.82120835829737,5.166666666666667,60.6280193236715,14.3017975222739,1,0,0,1
0,0,1,1,0.3,641.0948849512176,2.1543544906138927,48.52487357213255,10.5,91.30434782608695,2.226939266386049,1,0,0,1
0,0,1,1,0.3,8948.129344047089,32.58707659814953,27.604561943328523,10.25,87.31884057971014,22.235374016112832,1,0,0,1
1,1,1,1,0.5,9325.737274697576,31.338487402779474,46.27831211007015,9.0,78.26086956521739,18.49612030488224,1,0,0,1
1,1,1,1,0.5,4929.232708060685,16.564341518181767,42.58276380204546,17.0,73.91304347826086,10.135473766640564,1,0,0,1
1,1,1,1,0.5,6135.944022489919,21.21227091031797,45.82120835829737,5.166666666666667,60.6280193236715,14.3017975222739,1,0,0,1
1,1,1,1,0.5,641.0948849512176,2.1543544906138927,48.52487357213255,10.5,91.30434782608695,2.226939266386049,1,0,0,1
1,1,1,1,0.5,8948.129344047089,32.58707659814953,27.604561943328523,10.25,87.31884057971014,22.235374016112832,1,0,0,1
1,1,1,0,0.5,9325.737274697576,31.338487402779474,46.27831211007015,9.0,78.26086956521739,18.49612030488224,0,1,0,1
1,1,1,0,0.5,4929.232708060685,16.564341518181767,42.58276380204546,17.0,73.91304347826086,10.135473766640564,0,1,0,1
1,1,1,0,0.5,6135.944022489919,21.21227091031797,45.82120835829737,5.166666666666667,60.6280193236715,14.3017975222739,0,1,0,1
1,1,1,0,0.5,641.0948849512176,2.1543544906138927,48.52487357213255,10.5,91.30434782608695,2.226939266386049,0,1,0,1
1,1,1,0,0.5,8948.129344047089,32.58707659814953,27.604561943328523,10.25,87.31884057971014,22.235374016112832,0,1,0,1
1,1,1,0,0.5,9325.737274697576,31.338487402779474,46.27831211007015,9.0,78.26086956521739,18.49612030488224,0,1,0,1
1,1,1,0,0.5,4929.232708060685,16.564341518181767,42.58276380204546,17.0,73.91304347826086,10.135473766640564,0,1,0,1
1,1,1,0,0.5,6135.944022489919,21.21227091031797,45.82120835829737,5.166666666666667,60.6280193236715,14.3017975222739,0,1,0,1
1,1,1,0,0.5,641.0948849512176,2.1543544906138927,48.52487357213255,10.5,91.30434782608695,2.226939266386049,0,1,0,1
1,1,1,0,0.5,8948.129344047089,32.58707659814953,27.604561943328523,10.25,87.31884057971014,22.235374016112832,0,1,0,1
