game_id,player_id,player_name,hero_id,hero_name,team_side,won,kills,deaths,damage_dealt,damage_taken,damage_percentage,damage_per_minute,damage_per_money,vision_score,vision_score_per_minute,kda_ratio,kill_participation,kills_and_assists,money_percentage,money_per_minute,total_money_earned,forward_percentage
a7fde219-8e81-44a0-a29c-1638e1fdf41a,23783,Quid,aeab401d-5c3e-38d6-8bb5-fe87f6db1a6f,Galio,blue,False,4,3,157073,23303,22.96603775791887,5300.54223755528,13.975709582703088,34.63206481933594,1.1686841299818707,2.6666666666666665,100.0,8.0,23.00292678933257,379.26820145972755,11239,31.39486134222772
a7fde219-8e81-44a0-a29c-1638e1fdf41a,20579,FBI,2318754b-1f27-3758-a5d7-d221fce0f02e,Lucian,blue,False,1,4,160556,15782,23.475295934122492,5418.0785971677215,14.523383084577114,33.68501281738281,1.1367251737162247,1.25,62.5,5.0,22.626332917169815,373.0589880894464,11055,27.23875788477328
a7fde219-8e81-44a0-a29c-1638e1fdf41a,22660,River,9530371e-3e7d-3e74-a17d-aa5ac56abf85,Wukong,blue,False,0,3,219677,30887,32.11952580358396,7413.1595953437645,23.623722980965695,38.5431022644043,1.3006649234361571,2.0,75.0,6.0,19.03231748500788,313.8014952730676,9299,23.911241468068955
a7fde219-8e81-44a0-a29c-1638e1fdf41a,21380,Eyla,31360e91-4470-348a-9a2b-ce10e9a107b1,Rakan,blue,False,1,3,13872,13456,2.0282599541477566,468.1206949594573,2.114956548254307,100.47530364990236,3.3906119500327847,2.0,75.0,6.0,13.424343519106,221.33820921562,6559,25.71152182806875
a7fde219-8e81-44a0-a29c-1638e1fdf41a,21900,Dhokla,6d94812f-ea1f-3460-80b7-c38518abb709,Ambessa,blue,False,2,4,132758,20544,19.41088055022692,4480.014938107528,12.399178107779957,26.96500015258789,0.9099534754189241,1.25,62.5,5.0,21.914079289383736,361.3154758456538,10707,31.795423863014143
a7fde219-8e81-44a0-a29c-1638e1fdf41a,25068,Boal,e8ec9716-e9de-339a-add1-8dcef41ebdf4,Aatrox,red,True,3,2,152193,29203,19.036117754185135,5135.863100343475,12.92070634179472,21.54355239868164,0.7270027912893838,6.5,76.47058823529412,13.0,19.428637405776307,397.4908928725092,11779,24.583666525792612
a7fde219-8e81-44a0-a29c-1638e1fdf41a,20362,Mireu,d50bfa6a-0179-375a-b583-e23a79a16908,Ahri,red,True,1,0,174970,10908,21.88503757367141,5904.489474989637,12.261387526278908,27.32261848449707,0.9220215652447291,13.0,76.47058823529412,13.0,23.537367839411484,481.5514934451741,14270,42.152480499448224
a7fde219-8e81-44a0-a29c-1638e1fdf41a,22338,Trymbi,64a87acc-1566-3df6-ba47-c9847adb808d,Neeko,red,True,1,4,29751,13149,3.7212193682019676,1003.969059669753,3.6464027454344894,106.6611328125,3.599357238851678,3.75,88.23529411764706,15.0,13.457700364524056,275.33136895719525,8159,27.636394126958848
a7fde219-8e81-44a0-a29c-1638e1fdf41a,24106,Disamis,bbd16ab8-92ed-3f82-8748-b23c20eca335,Jarvan IV,red,True,0,2,245179,32700,30.66669501786125,8273.743070174796,23.6135028411827,43.69148254394531,1.4744007477134282,8.0,94.11764705882352,16.0,17.126032955613834,350.3818609979848,10383,23.234033070324664
a7fde219-8e81-44a0-a29c-1638e1fdf41a,21209,Morttheus,16e85313-6510-315b-83f5-13f437b191c3,Kai'Sa,red,True,12,0,197403,13661,24.69093028608023,6661.50732029136,12.309990022449488,41.99996948242188,1.417319413378556,17.0,100.0,17.0,26.45026143467432,541.1464435099379,16036,24.18777479584986
0ca43b74-4aa6-45c3-8679-0f62c35fbb8a,23783,Quid,2bf2eedb-58ef-39d3-8be6-88508b55ffc3,Aurora,red,False,4,4,216581,20743,25.713322355338004,6586.305607872633,15.934446733372573,38.173885345458984,1.160881495260819,2.25,69.23076923076923,9.0,24.039192798146477,413.3375772676497,13592,14.399572010283922
0ca43b74-4aa6-45c3-8679-0f62c35fbb8a,20579,FBI,84342d87-2ee5-3cfa-8dbb-e2ee7998fa18,Smolder,red,False,6,6,224334,22251,26.63378808511548,6822.077108502128,14.980567612687812,26.20745277404785,0.7969780044129844,2.1666666666666665,100.0,13.0,26.485205426150937,455.3951014996361,14975,16.529226525220462
0ca43b74-4aa6-45c3-8679-0f62c35fbb8a,22660,River,159758c6-e12b-32cc-8b30-a3eec29d655c,Xin Zhao,red,False,1,4,259492,49791,30.807879936981397,7891.244452643978,25.348441926345608,42.25864791870117,1.2851005848530421,2.75,84.61538461538461,11.0,18.10544560584355,311.31082831731385,10237,10.143559109740822
0ca43b74-4aa6-45c3-8679-0f62c35fbb8a,21380,Eyla,2bcecd67-6a8c-3c44-be6a-bd120bc1dcc5,Bard,red,False,1,2,20310,14609,2.4112806619090077,617.6343580272193,2.568610092323258,116.21770477294922,3.534221933965406,6.0,92.3076923076923,12.0,13.984542190622735,240.45469566328032,7907,14.702765198959437
0ca43b74-4aa6-45c3-8679-0f62c35fbb8a,21900,Dhokla,40cc8559-a028-35a5-a6dd-5e48c4601d66,K'Sante,red,False,1,8,121574,39596,14.433728960656115,3697.1087859577133,12.3676500508647,26.664579391479492,0.8108793882088754,0.875,53.84615384615385,7.0,17.385613979236307,298.93381287087965,9830,25.30600757602649
0ca43b74-4aa6-45c3-8679-0f62c35fbb8a,25068,Boal,a88709a3-f874-36e6-acec-9cc31b318a50,Sion,blue,True,3,2,131337,29501,13.665521084027082,3994.0051048853225,11.002513194269918,35.12825012207031,1.0682626397225252,8.0,66.66666666666666,16.0,17.860936962279116,363.0084358331323,11937,38.43251301971085
0ca43b74-4aa6-45c3-8679-0f62c35fbb8a,20362,Mireu,14fada26-63ec-357f-8bf6-e2993edca107,Taliyah,blue,True,6,1,223277,18170,23.23181244491891,6789.933360770234,15.038526301609753,26.352426528930664,0.8013867081071174,15.0,62.5,15.0,22.21507339188724,451.5025757572686,14847,45.69454515950731
0ca43b74-4aa6-45c3-8679-0f62c35fbb8a,22338,Trymbi,5fb5f03b-af85-31e8-a476-bf7f73a4819a,Nautilus,blue,True,1,7,19757,21060,2.055701744802478,600.8174304058972,2.2758898744384286,106.67376708984376,3.2439873783791615,2.0,58.333333333333336,14.0,12.989092214923764,263.9923122616588,8681,54.71270429663135
0ca43b74-4aa6-45c3-8679-0f62c35fbb8a,24106,Disamis,e0e42b0a-7461-3143-b9a9-b70417c2384d,Pantheon,blue,True,8,1,317790,42912,33.0658226188581,9664.107466148203,21.785836703914445,52.45858001708985,1.595284165035687,20.0,83.33333333333334,20.0,21.826044020169675,443.5958828430846,14587,34.177666441853745
0ca43b74-4aa6-45c3-8679-0f62c35fbb8a,21209,Morttheus,5f3ce9cb-be45-3625-8c1d-e8068d6fee76,Sivir,blue,True,6,2,268922,17720,27.98114210739343,8178.014122569959,16.02538585304809,41.00738906860352,1.2470493560688996,10.5,87.5,21.0,25.1088534107402,510.31620689585264,16781,41.73822647958175
1eab7b7b-e4f5-4b50-ae3b-9e4c8b55ff5c,23783,Quid,6b28be83-b1f2-3f1b-b887-85f87e172511,Sylas,blue,True,4,0,183737,22985,21.971670981590325,6007.700209535072,13.740427759497457,30.30821228027344,0.9909961154630379,14.0,77.77777777777779,14.0,22.65020241543439,437.22803355830877,13372,37.53233624793258
1eab7b7b-e4f5-4b50-ae3b-9e4c8b55ff5c,20579,FBI,3a52e342-5377-32b9-935f-b54a66688acd,Ezreal,blue,True,8,1,231204,16205,27.64787831317377,7559.742018457615,16.091592427616927,27.764707565307617,0.9078304285896611,9.0,50.0,9.0,24.337280010840658,469.7945248403964,14368,56.292019411285466
1eab7b7b-e4f5-4b50-ae3b-9e4c8b55ff5c,22660,River,8092e614-e064-36f3-87b7-0c5ac018d7cc,Sejuani,blue,True,2,0,268669,39405,32.12802468176192,8784.745628782326,22.649553195076717,46.95881271362305,1.535425466722279,13.0,72.22222222222221,13.0,20.092484374206006,387.85514014871814,11862,39.13177821434702
1eab7b7b-e4f5-4b50-ae3b-9e4c8b55ff5c,21380,Eyla,13af2c2a-1e39-3d26-a475-a9da5267b863,Karma,blue,True,2,0,21573,8573,2.579746366196509,705.3784301490723,2.5475909305621163,116.74861907958984,3.8173623347903916,15.0,83.33333333333334,15.0,14.343547266968173,276.8805704585521,8468,54.21863036541935
1eab7b7b-e4f5-4b50-ae3b-9e4c8b55ff5c,21900,Dhokla,df57a4ea-3f1a-3e5f-9a38-4589c6966fde,Jax,blue,True,2,1,131062,24638,15.672679657277472,4285.370964270047,11.950579009756542,31.40192413330078,1.026757518602326,9.0,50.0,9.0,18.576485932550774,358.59107418740444,10967,41.41671866442508
1eab7b7b-e4f5-4b50-ae3b-9e4c8b55ff5c,25068,Boal,bacc778e-19db-33cb-b045-500e57bde996,Cho'Gath,red,False,1,4,113679,31774,15.50955644297582,3716.9941390124877,11.31359474522293,30.557449340820312,0.9991454895187335,0.5,100.0,2.0,20.71069337950367,328.54227349640195,10048,5.067642498835159
1eab7b7b-e4f5-4b50-ae3b-9e4c8b55ff5c,20362,Mireu,eaea6b00-a13f-3241-a356-04d7882fb128,Azir,red,False,0,4,180216,16397,24.587392780789155,5892.5730852336355,15.36892375916766,33.73503112792969,1.1030437722175466,0.25,50.0,1.0,24.169346195069668,383.4083100138146,11726,17.11266665395106
1eab7b7b-e4f5-4b50-ae3b-9e4c8b55ff5c,22338,Trymbi,e680cccf-8234-39c7-979f-4b749909b65a,Milio,red,False,0,3,14180,12489,1.9346186222732178,463.64743612450036,2.207003891050584,97.07496643066406,3.1740873975634223,0.3333333333333333,50.0,1.0,13.243053837909144,210.08002659378806,6425,19.83863892120773
1eab7b7b-e4f5-4b50-ae3b-9e4c8b55ff5c,24106,Disamis,28c76f65-a320-3efc-8dbf-f5ccd8f30078,Vi,red,False,1,5,228445,32179,31.167415455938315,7469.530221823799,24.11792652027027,35.11162567138672,1.1480546700071679,0.4,100.0,2.0,19.523456179404732,309.7086399838693,9472,11.879739402675183
1eab7b7b-e4f5-4b50-ae3b-9e4c8b55ff5c,21209,Morttheus,e7a28e21-1e51-3ff4-ae76-2e7dc7a69ace,Corki,red,False,0,2,196441,16138,26.801016698023496,6423.086459783707,18.113508529276164,24.217906951904297,0.7918596943971891,0.5,50.0,1.0,22.35345040811279,354.60200597815276,10845,14.496775230720186
0d444f54-8fe9-4c3f-9810-c62e8c50c5b0,23783,Quid,31822a27-64be-3b58-9cfa-17fd705fc871,Yone,red,False,7,4,269168,35412,26.668965305416766,7381.206581352833,15.804591627033057,50.2375717163086,1.3776299373759213,2.5,58.82352941176471,10.0,25.38076361360317,467.02925045703836,17031,17.137797074954296
0d444f54-8fe9-4c3f-9810-c62e8c50c5b0,20579,FBI,5748a92e-ed31-3fbf-854d-a37923f7c7ae,Jhin,red,False,3,2,300878,20504,29.81076852806866,8250.767824497258,18.474640795775514,40.06509780883789,1.0986772708090828,5.5,64.70588235294117,11.0,24.270513546541086,446.599634369287,16286,21.295932358318097
0d444f54-8fe9-4c3f-9810-c62e8c50c5b0,22660,River,cf8f9783-b321-3a1d-95bd-f3e3b612d4c4,Maokai,red,False,3,6,250747,43546,24.84382632198975,6876.060329067642,21.66842378154165,45.38911819458008,1.2446741735259619,2.1666666666666665,76.47058823529412,13.0,17.245387618848916,317.33089579524676,11572,21.027650822669106
0d444f54-8fe9-4c3f-9810-c62e8c50c5b0,21380,Eyla,9104bd4f-7d7d-3895-8151-d3210b34e3d2,Alistar,red,False,0,6,11691,21848,1.158335587386418,320.5941499085923,1.4075367204430531,126.80534362792967,3.4772946150254938,1.6666666666666667,58.82352941176471,10.0,12.37817054633245,227.76965265082265,8306,23.771937842778794
0d444f54-8fe9-4c3f-9810-c62e8c50c5b0,21900,Dhokla,a493c24b-17f8-34e5-ba90-0bdb40523099,Akali,red,False,4,4,176809,25667,17.51810425713841,4848.510054844607,12.713669375134824,23.56902503967285,0.6463169572122354,2.25,52.94117647058824,9.0,20.725164674674375,381.36197440585005,13907,16.58989945155393
0d444f54-8fe9-4c3f-9810-c62e8c50c5b0,25068,Boal,3d6dd0f6-f96f-3375-84f6-86ac9ff68538,Gwen,blue,True,3,3,250167,25714,24.42428887337626,6860.155393053016,18.24970819959148,42.55189895629883,1.1668710865529843,3.3333333333333335,45.45454545454545,10.0,19.775812571230723,375.9049360146252,13708,44.00818098720293
0d444f54-8fe9-4c3f-9810-c62e8c50c5b0,20362,Mireu,642972b0-ab79-3cac-812a-29cfbdb6526a,Ryze,blue,True,7,6,214553,34101,20.947225056260404,5883.53747714808,14.611345682375374,44.69718933105469,1.2256998902483003,2.5,68.18181818181817,15.0,21.183836576885902,402.6691042047532,14684,47.581901279707495
0d444f54-8fe9-4c3f-9810-c62e8c50c5b0,22338,Trymbi,e5a58f35-4cf1-302e-85fc-e99e161c38ab,Lulu,blue,True,3,1,24969,13568,2.437771843925585,684.7074954296161,2.3453879391320682,118.1186294555664,3.2390849028034663,20.0,90.9090909090909,20.0,15.358425782996957,291.9378427787934,10646,38.48619744058501
0d444f54-8fe9-4c3f-9810-c62e8c50c5b0,24106,Disamis,ab13269a-7517-3048-8d48-af87c8211b08,Trundle,blue,True,3,4,259229,52122,25.30902948972668,7108.656307129799,19.306546510761898,76.67965698242188,2.102732824015225,4.25,77.27272727272727,17.0,19.37042861058615,368.199268738574,13427,31.901508226691043
0d444f54-8fe9-4c3f-9810-c62e8c50c5b0,21209,Morttheus,2db51c3e-7bf3-3ea4-94bd-aac8567b0df9,Yunara,blue,True,6,3,275337,20708,26.881684736711076,7550.374771480804,16.338535485402325,49.61866760253906,1.3606581609471406,5.666666666666667,77.27272727272727,17.0,24.311496458300272,462.12065813528335,16852,37.47495429616088
2e568974-ac88-4b67-9a9b-08a1063450f7,25068,Boal,7552f226-fa3b-3053-b692-0dcdd9c79cf4,Rumble,red,False,0,3,113667,14595,16.908316040788094,4021.2073846132075,12.01299936588459,38.03450393676758,1.345549967014436,0.3333333333333333,25.0,1.0,20.504930111604725,334.738000239385,9462,15.739325111305162
2e568974-ac88-4b67-9a9b-08a1063450f7,20362,Mireu,aeab401d-5c3e-38d6-8bb5-fe87f6db1a6f,Galio,red,False,1,3,153285,22053,22.801615458419796,5422.7768301304295,15.264389563831905,23.67928504943848,0.8377041349130631,1.3333333333333333,100.0,4.0,21.761837685556397,355.25671088606043,10042,24.827993653350536
2e568974-ac88-4b67-9a9b-08a1063450f7,22338,Trymbi,1e6bddd1-a107-3db2-a589-5bec2044b11c,Poppy,red,False,0,5,18538,17224,2.757584547530327,655.8204447725342,3.1792145429600414,88.64136505126953,3.135873311747122,0.4,50.0,2.0,12.636255282262434,206.28379617373216,5831,17.447684658077502
2e568974-ac88-4b67-9a9b-08a1063450f7,24106,Disamis,bbd16ab8-92ed-3f82-8748-b23c20eca335,Jarvan IV,red,False,0,4,243978,30093,36.292478300644845,8631.231010611358,26.725599737101543,38.27608871459961,1.3540965327954306,0.75,75.0,3.0,19.783291797594536,322.9574301612075,9129,12.262464969313324
2e568974-ac88-4b67-9a9b-08a1063450f7,21209,Morttheus,16e85313-6510-315b-83f5-13f437b191c3,Kai'Sa,red,False,3,4,142787,14073,21.24000565261694,5051.388167425604,12.223867819535998,38.06785583496094,1.3467298600291722,1.0,100.0,4.0,25.313685122981905,413.23975700657957,11681,14.560501599928774
2e568974-ac88-4b67-9a9b-08a1063450f7,23604,Busio,9104bd4f-7d7d-3895-8151-d3210b34e3d2,Alistar,blue,True,0,2,10251,17801,1.3113827149754251,362.650522136328,1.3967843030385612,89.55388641357422,3.1681556596644325,8.5,89.47368421052632,17.0,12.562693644191103,259.6324438550884,7339,37.622353130547936
2e568974-ac88-4b67-9a9b-08a1063450f7,20697,Inspired,9530371e-3e7d-3e74-a17d-aa5ac56abf85,Wukong,blue,True,3,0,285436,26167,36.51505576350848,10097.89429680079,23.427117531188443,44.359710693359375,1.5693173587711666,11.0,57.89473684210527,11.0,20.85622828189459,431.03443192947225,12184,19.039653587560945
2e568974-ac88-4b67-9a9b-08a1063450f7,26927,Massu,e7a28e21-1e51-3ff4-ae76-2e7dc7a69ace,Corki,blue,True,12,1,213407,13285,27.30058053407088,7549.718074094952,13.971913054864476,19.018278121948246,0.6728112858314734,17.0,89.47368421052632,17.0,26.14560331399031,540.3496317540018,15274,35.31741796790473
2e568974-ac88-4b67-9a9b-08a1063450f7,23969,Bwipo,40cc8559-a028-35a5-a6dd-5e48c4601d66,K'Sante,blue,True,1,0,146701,18700,18.767062303151874,5189.854087203341,12.378786600286896,29.710466384887695,1.0510697636711874,10.0,52.63157894736842,10.0,20.286208254163885,419.2538618512948,11851,47.87687358528502
2e568974-ac88-4b67-9a9b-08a1063450f7,24908,Quad,b3007001-25a5-3a10-91bc-0bdb5dac0ae7,Annie,blue,True,3,1,125899,12592,16.105918684293343,4453.939916734129,10.695692804349672,28.523681640625,1.0090847761411617,18.0,94.73684210526315,18.0,20.149266505760114,416.42369486554645,11771,29.781670305593178
d71d68ee-34c1-4bab-9a23-c933553da0a0,25068,Boal,e8ec9716-e9de-339a-add1-8dcef41ebdf4,Aatrox,blue,False,2,2,137822,39265,20.341199407867453,4454.905324130441,13.546491055632004,31.375064849853516,1.014155529919391,1.5,60.0,3.0,21.15924547137242,328.8604632620562,10174,22.897564307832873
d71d68ee-34c1-4bab-9a23-c933553da0a0,20362,Mireu,eaea6b00-a13f-3241-a356-04d7882fb128,Azir,blue,False,0,3,130323,17170,19.234419254048774,4212.510532111357,13.656397359320968,34.85484313964844,1.1266345450983966,1.3333333333333333,80.0,4.0,19.84693134787763,308.4642619333401,9543,21.013851746660432
d71d68ee-34c1-4bab-9a23-c933553da0a0,22338,Trymbi,f5848d60-ffbf-3c51-93ec-797142690b59,Rell,blue,False,1,4,11905,18235,1.7570633059356418,384.8126415504992,1.811197322379431,101.4141845703125,3.2780730999741143,1.0,80.0,4.0,13.670112097830833,212.4631241420774,6573,30.50056350836212
d71d68ee-34c1-4bab-9a23-c933553da0a0,24106,Disamis,159758c6-e12b-32cc-8b30-a3eec29d655c,Xin Zhao,blue,False,2,5,222252,44676,32.80225400006789,7183.988173866573,20.69000186185068,31.82609748840332,1.0287345354688107,1.0,100.0,5.0,22.340536156229852,347.22027681944246,10742,22.838735327772238
d71d68ee-34c1-4bab-9a23-c933553da0a0,21209,Morttheus,5f3ce9cb-be45-3625-8c1d-e8068d6fee76,Sivir,blue,False,0,4,175249,18831,25.86506403208024,5664.681278377441,15.85820287756764,25.26515769958496,0.8166612409548276,1.0,80.0,4.0,22.98317492668927,357.2082739835839,11051,15.780281301650446
d71d68ee-34c1-4bab-9a23-c933553da0a0,23604,Busio,3f8c659e-ac1f-3a2e-877d-3af99bbc027b,Leona,red,True,1,1,17804,14492,2.045637337132615,575.4896489008894,2.191531265386509,112.0848159790039,3.622986485895178,16.0,88.88888888888889,16.0,13.602116331246023,262.5970516552924,8124,28.61140980526099
d71d68ee-34c1-4bab-9a23-c933553da0a0,20697,Inspired,28c76f65-a320-3efc-8dbf-f5ccd8f30078,Vi,red,True,3,1,305236,26463,35.07089183537468,9866.331075708373,25.116103019830494,41.73242950439453,1.348943001756073,10.0,55.55555555555556,10.0,20.347922177945954,392.82889817414673,12153,20.20285223582448
d71d68ee-34c1-4bab-9a23-c933553da0a0,26927,Massu,1e62a140-7265-3823-884d-621be47f2b00,Senna,red,True,2,0,168969,13889,19.4141370039295,5461.688973552818,13.108533747090767,16.00760269165039,0.5174235931679856,17.0,94.44444444444444,17.0,21.581890633894787,416.6514027371638,12890,28.508405217462514
d71d68ee-34c1-4bab-9a23-c933553da0a0,23969,Bwipo,6d94812f-ea1f-3460-80b7-c38518abb709,Ambessa,red,True,9,2,188918,25758,21.706229749293378,6106.512777525175,13.528931538241192,32.115570068359375,1.0380913358173471,7.0,77.77777777777779,14.0,23.38010246793691,451.3669656960244,13964,36.41600062061342
d71d68ee-34c1-4bab-9a23-c933553da0a0,24908,Quad,14fada26-63ec-357f-8bf6-e2993edca107,Taliyah,red,True,3,1,189413,11811,21.763104074269826,6122.512967157052,15.038745533942041,26.72633934020996,0.8638919143621353,11.0,61.111111111111114,11.0,21.087968388976325,407.1159361888734,12595,38.579905054766975
1b474305-eda0-43f7-810a-f6e59ba8bb9d,25068,Boal,717061ba-4e85-30e1-9340-aef80368dfa0,Gnar,red,True,2,0,191190,16869,19.517727658332067,6098.522445086769,14.752314814814815,35.03474426269531,1.1175279786804868,9.0,40.909090909090914,9.0,20.28200754315404,413.39427212890075,12960,41.30832694936186
1b474305-eda0-43f7-810a-f6e59ba8bb9d,20362,Mireu,a493c24b-17f8-34e5-ba90-0bdb40523099,Akali,red,True,10,0,191999,21392,19.600314831696732,6124.327689388643,13.358310721491685,27.27031707763672,0.8698605616538552,18.0,81.81818181818183,18.0,22.493309754456252,458.4657309651767,14373,38.86177288514221
1b474305-eda0-43f7-810a-f6e59ba8bb9d,22338,Trymbi,64a87acc-1566-3df6-ba47-c9847adb808d,Neeko,red,True,1,2,44126,14738,4.504624983793926,1407.5181830215952,4.951857255077994,107.9154281616211,3.442254620088891,9.5,86.36363636363636,19.0,13.945445155636238,284.24045979480206,8911,32.21764017579889
1b474305-eda0-43f7-810a-f6e59ba8bb9d,24106,Disamis,5179b7c8-f751-3f66-b40d-6671d54aab37,Nocturne,red,True,5,0,321727,45218,32.84366319541922,10262.353317069046,23.3728296403923,50.83163070678711,1.621412421076955,18.0,81.81818181818183,18.0,21.54180816601199,439.0719256060431,13765,25.459366841164837
1b474305-eda0-43f7-810a-f6e59ba8bb9d,21209,Morttheus,5748a92e-ed31-3fbf-854d-a37923f7c7ae,Jhin,red,True,4,0,230529,12968,23.533669330758055,7353.346308611371,16.596760259179266,32.48099517822266,1.0360692407194207,15.0,68.18181818181817,15.0,21.73742938074148,443.0591388788913,13890,20.88475730896065
1b474305-eda0-43f7-810a-f6e59ba8bb9d,23604,Busio,13af2c2a-1e39-3d26-a475-a9da5267b863,Karma,blue,False,0,6,15137,16653,1.9805698210722582,482.83557848882486,2.4042249047013975,98.51559448242188,3.1424214872227423,0.16666666666666666,50.0,1.0,12.830650091705726,200.82795812681783,6296,28.123622750082006
1b474305-eda0-43f7-810a-f6e59ba8bb9d,20697,Inspired,52ab36ab-7b94-31c7-afa5-e74badcd74ea,Skarner,blue,False,1,5,251014,45092,32.843413692715316,8006.770819765732,26.147291666666668,37.05011367797852,1.181813640138963,0.2,50.0,1.0,19.563888322804157,306.21797935474126,9600,11.698217928318412
1b474305-eda0-43f7-810a-f6e59ba8bb9d,26927,Massu,3a52e342-5377-32b9-935f-b54a66688acd,Ezreal,blue,False,0,3,166416,16914,21.774361322822283,5308.2886721144405,15.59955005624297,30.620752334594727,0.9767317610647474,0.3333333333333333,50.0,1.0,21.74037089871612,340.28472955795627,10668,33.439056508381384
1b474305-eda0-43f7-810a-f6e59ba8bb9d,23969,Bwipo,a6c6341f-f06c-3428-a0e3-797a0d0e2638,Renekton,blue,False,1,2,195862,28140,25.627162997612118,6247.548528372744,16.178919544027753,33.901268005371094,1.0813726860591955,0.5,50.0,1.0,24.670878337069492,386.15363104880186,12106,27.16222588573285
1b474305-eda0-43f7-810a-f6e59ba8bb9d,24908,Quad,8708d312-6987-35a9-90a5-db14b14babac,Orianna,blue,False,0,6,135846,24444,17.774492165778025,4333.175794106686,13.062115384615385,26.93530654907227,0.8591744942455667,0.16666666666666666,50.0,1.0,21.194212349704504,331.7361443009697,10400,13.29336905167588
36b56345-fc4d-4f5d-8b75-7af01b85be8f,25068,Boal,df57a4ea-3f1a-3e5f-9a38-4589c6966fde,Jax,blue,False,0,5,151573,27814,19.369188048768958,4799.134988633269,14.620719591009935,29.9538516998291,0.9484049120686532,0.4,25.0,2.0,18.79509771927916,328.2420512041135,10367,15.723291349253088
36b56345-fc4d-4f5d-8b75-7af01b85be8f,20362,Mireu,2bf2eedb-58ef-39d3-8be6-88508b55ffc3,Aurora,blue,False,3,3,158242,26381,20.221405231890223,5010.290215746246,12.842233403668235,21.702341079711918,0.6871439135657312,2.6666666666666665,100.0,8.0,22.33946118423438,390.14165669307295,12322,21.684756338245194
36b56345-fc4d-4f5d-8b75-7af01b85be8f,22338,Trymbi,31360e91-4470-348a-9a2b-ce10e9a107b1,Rakan,blue,False,0,4,14496,17683,1.852412698534401,458.9752844848876,2.1472374463042514,134.3699951171875,4.254449967932126,1.25,62.5,5.0,12.239385039341528,213.75152770126078,6751,17.995740378384426
36b56345-fc4d-4f5d-8b75-7af01b85be8f,24106,Disamis,96af4071-d73d-3c52-ac51-209e46e315a7,Viego,blue,False,1,5,281911,39710,36.02480106626184,8925.923111507944,25.707732992887106,41.07448959350586,1.3005087987203992,1.4,87.5,7.0,19.88106892925777,347.20771037950317,10966,12.8807643677797
36b56345-fc4d-4f5d-8b75-7af01b85be8f,21209,Morttheus,2db51c3e-7bf3-3ea4-94bd-aac8567b0df9,Yunara,blue,False,4,3,176325,20357,22.532192954544584,5582.837819867398,11.952616594360087,32.874847412109375,1.0408900692170373,2.3333333333333335,87.5,7.0,26.74498712788716,467.0808082727002,14752,9.289901235036972
36b56345-fc4d-4f5d-8b75-7af01b85be8f,23604,Busio,2bcecd67-6a8c-3c44-be6a-bd120bc1dcc5,Bard,red,True,2,1,13904,12985,1.4202406768615377,440.231260725571,1.459124776996537,123.40491485595705,3.907271378507603,17.0,85.0,17.0,14.776621644672568,301.70912567994577,9529,50.39941868196585
36b56345-fc4d-4f5d-8b75-7af01b85be8f,20697,Inspired,cf8f9783-b321-3a1d-95bd-f3e3b612d4c4,Maokai,red,True,2,2,313631,42345,32.03621286858177,9930.248168341597,26.619504328636904,22.300268173217777,0.7060756021586585,6.5,65.0,13.0,18.270349062601767,373.0440674531558,11782,20.10407365894742
36b56345-fc4d-4f5d-8b75-7af01b85be8f,26927,Massu,2318754b-1f27-3758-a5d7-d221fce0f02e,Lucian,red,True,4,1,249556,18833,25.491195508836157,7901.49255621624,16.6104898828541,26.52292251586914,0.8397741381823723,10.0,50.0,10.0,23.29771892009242,475.69292729725106,15024,56.52035562985619
36b56345-fc4d-4f5d-8b75-7af01b85be8f,23969,Bwipo,9a12f2ed-f7d8-3872-a108-2c1c2becc3b8,Urgot,red,True,8,3,180604,25544,18.448011162536044,5718.320383492594,12.741022927689594,40.272850036621094,1.2751271249017235,4.333333333333333,65.0,13.0,21.98117450028688,448.81171754782576,14175,47.280955607481566
36b56345-fc4d-4f5d-8b75-7af01b85be8f,24908,Quad,642972b0-ab79-3cac-812a-29cfbdb6526a,Ryze,red,True,4,1,221294,28852,22.60433978318449,7006.655394922649,15.832725191385848,23.1173152923584,0.7319451133303697,13.0,65.0,13.0,21.674135872346366,442.54260149318947,13977,30.077667382232438
5c8349d7-39f3-4512-a983-b50033899729,20690,Supa,2db51c3e-7bf3-3ea4-94bd-aac8567b0df9,Yunara,blue,False,2,3,230588,15919,26.689321748067936,7080.389840882526,16.703223469757333,45.913387298583984,1.4098074530738758,1.3333333333333333,66.66666666666666,4.0,25.967796546405324,423.8936187198955,13805,24.619606269715685
5c8349d7-39f3-4512-a983-b50033899729,24521,Elyoya,cf8f9783-b321-3a1d-95bd-f3e3b612d4c4,Maokai,blue,False,0,2,263424,33404,30.48991227714819,8088.645607944206,27.922832308670767,44.13346481323242,1.3551535028126238,1.5,50.0,3.0,17.745758248372898,289.67855117736286,9434,12.13160712128997
5c8349d7-39f3-4512-a983-b50033899729,27293,Myrwn,a88709a3-f874-36e6-acec-9cc31b318a50,Sion,blue,False,1,2,170143,39071,19.693137848376853,5224.377542184657,15.509845031905195,38.41632080078125,1.1796040016043143,1.0,33.33333333333333,2.0,20.63504006621271,336.84266550939907,10970,14.78745442746982
5c8349d7-39f3-4512-a983-b50033899729,26575,Jojopyun,642972b0-ab79-3cac-812a-29cfbdb6526a,Ryze,blue,False,3,5,185899,30728,21.516810170711747,5708.1781837312465,15.144521384928717,22.621456146240234,0.6946099896083445,0.8,66.66666666666666,4.0,23.089800985666454,376.9137392094689,12275,16.276378844110727
5c8349d7-39f3-4512-a983-b50033899729,21245,Alvaro,5fb5f03b-af85-31e8-a476-bf7f73a4819a,Nautilus,blue,False,0,4,13917,20455,1.610817955695272,427.3326687232732,2.084007187780773,101.93438720703124,3.129977273827128,1.0,66.66666666666666,4.0,12.561604153342612,205.0533564513917,6678,24.307174718069547
5c8349d7-39f3-4512-a983-b50033899729,22767,Labrov,31360e91-4470-348a-9a2b-ce10e9a107b1,Rakan,red,True,2,1,15500,20689,1.6197598157444835,475.93995582458393,1.661663807890223,101.46687316894533,3.1156218795926773,16.0,100.0,16.0,14.046288906624103,286.42373599559477,9328,41.44858722597629
5c8349d7-39f3-4512-a983-b50033899729,21238,Caps,b51404e9-0865-3237-90a7-9d8747f6bf30,Cassiopeia,red,True,1,3,190170,29276,19.872885429685706,5839.322670913621,13.97178752479612,22.11162567138672,0.6789552351773891,2.6666666666666665,50.0,8.0,20.49571594211628,417.9366928211879,13611,43.85679222610935
5c8349d7-39f3-4512-a983-b50033899729,25847,SkewMond,9530371e-3e7d-3e74-a17d-aa5ac56abf85,Wukong,red,True,6,0,257586,33496,26.91790012247474,7909.3851265181465,18.14880574931304,73.56486511230469,2.258868300115598,16.0,100.0,16.0,21.37210317878601,435.80747051731095,14193,35.564178200107676
5c8349d7-39f3-4512-a983-b50033899729,22523,BrokenBlade,db29e671-9423-3389-8e43-db2536aadce7,Kled,red,True,2,1,200393,40305,20.941195403644148,6153.228101132635,15.470778970122751,46.32338333129883,1.4223967107318471,7.0,43.75,7.0,19.50488638588143,397.73227405134423,12953,57.47338318591135
5c8349d7-39f3-4512-a983-b50033899729,22953,Hans Sama,e5eeaee9-eaa4-330f-85a1-e90230d9e0ad,Xayah,red,True,5,1,293283,17547,30.648259228450925,9005.490197683965,17.966368537123255,38.46063232421875,1.1809646225402732,15.0,93.75,15.0,24.581005586592177,501.24153799229083,16324,26.965427312198187
22d0e2c5-0040-4d1d-852a-9e54b176ed94,20690,Supa,1dc7e56e-efef-35da-b827-dd31dd8812bf,Zeri,blue,False,4,5,264056,21883,26.498902636182,7469.699677088869,16.921243191284844,32.51038360595703,0.9196640179486643,2.0,76.92307692307693,10.0,24.624828391535562,441.43917752663,15605,22.066725537796255
22d0e2c5-0040-4d1d-852a-9e54b176ed94,24521,Elyoya,159758c6-e12b-32cc-8b30-a3eec29d655c,Xin Zhao,blue,False,3,4,332151,49017,33.33246360435092,9395.99258280344,25.76211897929109,55.02007293701172,1.5564252319621688,2.25,69.23076923076923,9.0,20.345268340408072,364.72126343164626,12893,16.12834786331274
22d0e2c5-0040-4d1d-852a-9e54b176ed94,27293,Myrwn,40cc8559-a028-35a5-a6dd-5e48c4601d66,K'Sante,blue,False,2,2,187651,28455,18.831405378337124,5308.3308620345815,14.475892926020212,32.127044677734375,0.9088200050560946,3.5,53.84615384615385,7.0,20.455728961196762,366.7014455801156,12963,23.66690130253553
22d0e2c5-0040-4d1d-852a-9e54b176ed94,26575,Jojopyun,8708d312-6987-35a9-90a5-db14b14babac,Orianna,blue,False,4,5,202175,22234,20.288937348403728,5719.190369525563,14.294046945701357,40.87904357910156,1.1563993191691033,1.8,69.23076923076923,9.0,22.319357434788785,400.1099472564341,14144,16.16771577031207
22d0e2c5-0040-4d1d-852a-9e54b176ed94,21245,Alvaro,f5848d60-ffbf-3c51-93ec-797142690b59,Rell,blue,False,0,4,10446,16087,1.048291032726229,295.4997531844394,1.3450939994849342,135.4302978515625,3.8310951166792866,2.25,69.23076923076923,9.0,12.25481687207082,219.68706521447024,7766,21.78280513546096
22d0e2c5-0040-4d1d-852a-9e54b176ed94,22767,Labrov,9104bd4f-7d7d-3895-8151-d3210b34e3d2,Alistar,red,True,0,3,13338,20652,1.2784176681960777,377.30956423262995,1.494621246077992,132.5925445556641,3.750819853560743,5.0,75.0,15.0,12.626991538613918,252.44493561343452,8924,54.973581069835845
22d0e2c5-0040-4d1d-852a-9e54b176ed94,21238,Caps,aeab401d-5c3e-38d6-8bb5-fe87f6db1a6f,Galio,red,True,2,5,172675,32166,16.550515133884968,4884.685035527768,12.85932380101281,27.285898208618164,0.771872121966533,2.6,65.0,13.0,18.99991510314967,379.8555127092334,13428,41.253700465389954
22d0e2c5-0040-4d1d-852a-9e54b176ed94,25847,SkewMond,bbd16ab8-92ed-3f82-8748-b23c20eca335,Jarvan IV,red,True,9,1,336411,37152,32.24424697672145,9516.500810696001,20.469181624581687,54.10272216796875,1.5304749231515473,20.0,100.0,20.0,23.25466225203045,464.91848014419503,16435,35.92908496254391
22d0e2c5-0040-4d1d-852a-9e54b176ed94,22523,BrokenBlade,237ede92-5491-399c-850f-a71fde27a280,Rek'Sai,red,True,2,2,165540,52414,15.866641235056134,4682.847897965929,12.664677530410833,46.01504135131836,1.3016880492137035,4.0,40.0,8.0,18.4947788437049,369.7565837520397,13071,47.7094714469521
22d0e2c5-0040-4d1d-852a-9e54b176ed94,22953,Hans Sama,5f3ce9cb-be45-3625-8c1d-e8068d6fee76,Sivir,red,True,7,2,355357,17480,34.06017898614137,10052.451253337433,18.885894982993197,53.06235122680664,1.501044580787612,7.0,70.0,14.0,26.623652262501064,532.2729615085594,18816,49.59559494336915
84edec40-81a9-4265-a00c-ef87ff804b99,20690,Supa,16e85313-6510-315b-83f5-13f437b191c3,Kai'Sa,blue,False,1,1,154600,12701,22.83857148133102,5198.118007813989,13.906629486372223,21.919618606567383,0.7370036494386318,1.0,33.33333333333333,1.0,23.25926855803833,373.7870497598196,11117,11.820675015634702
84edec40-81a9-4265-a00c-ef87ff804b99,24521,Elyoya,52ab36ab-7b94-31c7-afa5-e74badcd74ea,Skarner,blue,False,0,3,192931,24114,28.501089485541236,6486.921768211906,22.886239620403323,41.14895248413086,1.383551817014507,0.6666666666666666,66.66666666666666,2.0,17.637459201606827,283.4420103872699,8430,5.153455437177639
84edec40-81a9-4265-a00c-ef87ff804b99,27293,Myrwn,ab9c3c0e-0889-3a85-85ea-c66607d8b9e5,Yorick,blue,False,0,1,173468,14479,25.625881744654134,5832.517041264405,16.25145212666292,33.21811294555664,1.1168930859501742,0.0,0.0,0.0,22.33241275420537,358.8920544334186,10674,18.48856705437738
84edec40-81a9-4265-a00c-ef87ff804b99,26575,Jojopyun,eaea6b00-a13f-3241-a356-04d7882fb128,Azir,blue,False,2,5,139714,20116,20.63950954684788,4697.605817229777,12.718616294947656,34.43803405761719,1.1579105109224537,0.6,100.0,3.0,22.98309481965018,369.348811874752,10985,11.768391228428035
84edec40-81a9-4265-a00c-ef87ff804b99,21245,Alvaro,64a87acc-1566-3df6-ba47-c9847adb808d,Neeko,blue,False,0,5,16212,11337,2.3949477416257343,545.0963075205717,2.4600910470409714,110.7334213256836,3.7231914065969565,0.6,100.0,3.0,13.787764666499289,221.57566411057041,6590,8.068907005467102
84edec40-81a9-4265-a00c-ef87ff804b99,22767,Labrov,13af2c2a-1e39-3d26-a475-a9da5267b863,Karma,red,True,3,0,21956,9984,2.3926124983381607,738.2269015495726,2.533871898442008,105.1317367553711,3.5348458862927186,14.0,93.33333333333333,14.0,14.526891094420602,291.3434187432614,8665,62.50933038646293
84edec40-81a9-4265-a00c-ef87ff804b99,21238,Caps,14fada26-63ec-357f-8bf6-e2993edca107,Taliyah,red,True,3,1,230875,12598,25.15915515366291,7762.713422083148,16.841126267415568,24.43040657043457,0.8214239090038365,12.0,80.0,12.0,22.983167918454935,460.9379027756919,13709,42.95833211916893
84edec40-81a9-4265-a00c-ef87ff804b99,25847,SkewMond,38948526-fdcc-3ec1-8c52-7b19ed144e7a,Volibear,red,True,1,1,260164,28340,28.350867098635874,8747.497887353937,23.003006189213085,45.71132278442383,1.5369524587756234,8.0,53.333333333333336,8.0,18.961239270386265,380.2762915160169,11310,44.467613191877575
84edec40-81a9-4265-a00c-ef87ff804b99,22523,BrokenBlade,641ca9b8-aa6e-3f31-8e86-bd82166d5120,Sett,red,True,2,1,174520,24337,19.01797837538604,5867.8884522878225,15.49911190053286,30.679418563842777,1.0315345284991844,5.0,33.33333333333333,5.0,18.87741416309013,378.59514080197613,11260,36.31801095213652
84edec40-81a9-4265-a00c-ef87ff804b99,22953,Hans Sama,5f69228a-cad9-3813-9d0b-31c455503d83,Caitlyn,red,True,6,0,230143,6422,25.079386873977015,7738.101375629591,15.651727421109902,31.78648185729981,1.0687573334248561,9.0,60.0,9.0,24.651287553648068,494.3928019851028,14704,49.33824304059643
c284b144-1cc8-40fe-b6a4-ddd0c2ed389b,21335,Kiin,a88709a3-f874-36e6-acec-9cc31b318a50,Sion,red,True,1,1,157054,30350,18.06289707458677,5146.426102087027,12.944366603478118,32.0308723449707,1.0496040693568756,13.0,61.904761904761905,13.0,19.228513922566126,397.58037297121945,12133,37.30121800564274
c284b144-1cc8-40fe-b6a4-ddd0c2ed389b,21233,Canyon,28c76f65-a320-3efc-8dbf-f5ccd8f30078,Vi,red,True,4,4,256660,31127,29.518657042567774,8410.366646896331,20.753618500849033,50.6868896484375,1.6609340221855124,3.5,66.66666666666666,14.0,19.599359736287422,405.248205104679,12367,23.488306555996473
c284b144-1cc8-40fe-b6a4-ddd0c2ed389b,22132,Duro,64a87acc-1566-3df6-ba47-c9847adb808d,Neeko,red,True,0,4,22960,12651,2.6406466363958394,752.3650674539848,2.7908107451075725,131.31964111328125,4.303149418302566,3.0,57.14285714285714,12.0,13.038241493526046,269.5865596665476,8227,37.79296416326147
c284b144-1cc8-40fe-b6a4-ddd0c2ed389b,22958,Chovy,642972b0-ab79-3cac-812a-29cfbdb6526a,Ryze,red,True,7,2,204861,18648,23.56121561753868,6712.990421763536,13.725110545357095,42.62377166748047,1.3967176326544943,8.5,80.95238095238095,17.0,23.65489151967543,489.10283087187184,14926,39.320249958220145
c284b144-1cc8-40fe-b6a4-ddd0c2ed389b,22090,Ruler,3a52e342-5377-32b9-935f-b54a66688acd,Ezreal,red,True,9,1,227949,14035,26.21658362891094,7469.54985893155,14.75780137252363,29.5685977935791,0.9689189927476431,20.0,95.23809523809523,20.0,24.478993327944977,506.1424578351154,15446,40.14028200582624
c284b144-1cc8-40fe-b6a4-ddd0c2ed389b,27265,Viper,e7a28e21-1e51-3ff4-ae76-2e7dc7a69ace,Corki,blue,False,3,5,189597,19229,25.033074284446766,6212.811833365556,15.57264887063655,32.17990493774414,1.0544876458688455,2.0,83.33333333333334,10.0,23.45495877321415,398.95665053363524,12175,7.097933071403682
c284b144-1cc8-40fe-b6a4-ddd0c2ed389b,23472,Zeka,8708d312-6987-35a9-90a5-db14b14babac,Orianna,blue,False,5,3,172014,16866,22.71153678573409,5636.643062414188,13.728172386272945,40.52003860473633,1.3277814276171829,2.6666666666666665,66.66666666666666,8.0,24.138861061878707,410.58947278738805,12530,11.68399574883153
c284b144-1cc8-40fe-b6a4-ddd0c2ed389b,23596,Zeus,2bf2eedb-58ef-39d3-8be6-88508b55ffc3,Aurora,blue,False,3,3,163697,20022,21.613417728872726,5364.107336542464,14.610585505176722,23.334228515625,0.7646279795794817,2.0,50.0,6.0,21.584341527317562,367.138424031117,11204,24.62985233415582
c284b144-1cc8-40fe-b6a4-ddd0c2ed389b,20199,Delight,f5848d60-ffbf-3c51-93ec-797142690b59,Rell,blue,False,0,4,16746,17970,2.211025817746829,548.7415252432243,2.452907572872418,112.53101348876952,3.6874740223930034,2.0,66.66666666666666,8.0,13.15211528088156,223.7106409193534,6827,18.950085908119274
c284b144-1cc8-40fe-b6a4-ddd0c2ed389b,23810,Peanut,1e6bddd1-a107-3db2-a589-5bec2044b11c,Poppy,blue,False,1,6,215332,31402,28.430945383199585,7056.109525479158,23.477104230266026,39.416168212890625,1.2916092359002207,1.1666666666666667,58.333333333333336,7.0,17.669723356708023,300.5528048209037,9172,17.91258015997588
f8c144ca-7125-45f1-b5b6-7d86bdfdda1c,21335,Kiin,3d6dd0f6-f96f-3375-84f6-86ac9ff68538,Gwen,red,True,6,4,265238,32269,22.25106205915317,6692.2904185951065,16.666959909513636,58.89515686035156,1.485999343827757,4.5,75.0,18.0,20.63029077379795,401.53036036134534,15914,32.46616277025839
f8c144ca-7125-45f1-b5b6-7d86bdfdda1c,21233,Canyon,159758c6-e12b-32cc-8b30-a3eec29d655c,Xin Zhao,red,True,5,3,319676,57255,26.817916417790244,8065.830053969677,23.322098198001022,56.29663848876953,1.4204354366927243,5.666666666666667,70.83333333333334,17.0,17.769221794423053,345.84495723721005,13707,15.809069967140482
f8c144ca-7125-45f1-b5b6-7d86bdfdda1c,22132,Duro,31360e91-4470-348a-9a2b-ce10e9a107b1,Rakan,red,True,0,3,13510,21074,1.133366442286397,340.8743979189252,1.2909698996655519,187.03758239746097,4.719194913985631,6.666666666666667,83.33333333333334,20.0,13.566419061693825,264.04519424289805,10465,23.2529240934196
f8c144ca-7125-45f1-b5b6-7d86bdfdda1c,22958,Chovy,14fada26-63ec-357f-8bf6-e2993edca107,Taliyah,red,True,3,2,247913,16868,20.79765172513305,6255.158742507365,15.391630967902154,43.05557250976563,1.0863465844797178,7.0,58.333333333333336,14.0,20.88048846886789,406.39999461733,16107,26.029751026281726
f8c144ca-7125-45f1-b5b6-7d86bdfdda1c,22090,Ruler,16e85313-6510-315b-83f5-13f437b191c3,Kai'Sa,red,True,10,3,345687,24560,29.000003355637133,8722.120502842303,16.503723861357777,39.164527893066406,0.9881706043914111,6.0,75.0,18.0,27.153579901217284,528.4940887349968,20946,13.584597489825493
f8c144ca-7125-45f1-b5b6-7d86bdfdda1c,27265,Viper,2db51c3e-7bf3-3ea4-94bd-aac8567b0df9,Yunara,blue,False,5,3,332293,21393,32.069506304497835,8384.172931730083,17.56676887291182,63.94329452514649,1.6133702459076105,4.0,80.0,12.0,26.444848315392143,477.2746196176454,18916,26.41494834739416
f8c144ca-7125-45f1-b5b6-7d86bdfdda1c,23472,Zeka,a493c24b-17f8-34e5-ba90-0bdb40523099,Akali,blue,False,5,5,225819,24151,21.79372976311688,5697.699160892211,13.46886556125492,29.47325134277344,0.7436474319897151,1.8,60.0,9.0,23.43911645463442,423.02739863128795,16766,29.561665633586514
f8c144ca-7125-45f1-b5b6-7d86bdfdda1c,23596,Zeus,7552f226-fa3b-3053-b692-0dcdd9c79cf4,Rumble,blue,False,5,6,177449,26459,17.125554327737376,4477.262845027044,13.175601425601426,41.58454895019531,1.0492307983810436,2.0,80.0,12.0,18.828463581713965,339.8146847647731,13468,27.70884969819201
f8c144ca-7125-45f1-b5b6-7d86bdfdda1c,20199,Delight,3f8c659e-ac1f-3a2e-877d-3af99bbc027b,Leona,blue,False,0,6,23729,23063,2.2900792827397183,598.712700830361,2.5795195129905424,163.9750518798828,4.137298081663921,1.8333333333333333,73.33333333333333,11.0,12.860338319586187,232.10241202488476,9199,33.9015274167137
f8c144ca-7125-45f1-b5b6-7d86bdfdda1c,23810,Peanut,ab13269a-7517-3048-8d48-af87c8211b08,Trundle,blue,False,0,4,276875,49912,26.72113032190819,6985.906656091963,21.005614141567406,87.67133331298828,2.2120586941387335,3.25,86.66666666666667,13.0,18.427233328673285,332.57331154473377,13181,28.59795744494748
fd75925e-b6d9-423d-a698-81481b18c5a8,21335,Kiin,40cc8559-a028-35a5-a6dd-5e48c4601d66,K'Sante,red,False,2,5,113300,28959,17.0338798307136,3922.668383916021,12.035266624176758,18.823219299316406,0.6516967981372139,1.0,55.55555555555556,5.0,20.315062580923605,325.9311576891917,9414,15.349878015284443
fd75925e-b6d9-423d-a698-81481b18c5a8,21233,Canyon,a0b6984e-e1ec-3e4c-a98d-34a6ba4aec9f,Lee Sin,red,False,1,5,223560,39310,33.61071646032068,7740.086000955565,25.167173252279635,32.83616638183594,1.1368525305828239,1.0,55.55555555555556,5.0,19.169184290030213,307.54689544859673,8883,4.734841927658563
fd75925e-b6d9-423d-a698-81481b18c5a8,22132,Duro,9104bd4f-7d7d-3895-8151-d3210b34e3d2,Alistar,red,False,0,4,7705,20671,1.1583940343834804,266.7622232839624,1.2433435533322574,87.5516586303711,3.0312102671559127,1.75,77.77777777777779,7.0,13.372895986189038,214.5523033991843,6197,9.92588591832448
fd75925e-b6d9-423d-a698-81481b18c5a8,22958,Chovy,aeab401d-5c3e-38d6-8bb5-fe87f6db1a6f,Galio,red,False,0,4,147871,30605,22.231393154876006,5119.584259470837,15.141408969895556,24.80892372131348,0.8589336338974456,1.0,44.44444444444444,4.0,21.07466551575313,338.1180885906784,9766,19.60503264851091
fd75925e-b6d9-423d-a698-81481b18c5a8,22090,Ruler,b4221d04-e00b-3e8a-8a6b-2d7cecc54ef7,Ziggs,red,False,6,5,172709,14960,25.96561651970623,5979.524571206991,14.297102649006623,44.29850387573242,1.5337011527636089,1.6,88.88888888888889,8.0,26.068191627104014,418.23331048283785,12080,7.213832166573188
fd75925e-b6d9-423d-a698-81481b18c5a8,27265,Viper,84342d87-2ee5-3cfa-8dbb-e2ee7998fa18,Smolder,blue,True,7,2,269359,14915,31.338487402779474,9325.737274697576,18.496120304882236,36.688133239746094,1.2702151837992097,9.0,78.26086956521739,18.0,23.636629228072454,504.1996440862225,14563,46.278312110070146
fd75925e-b6d9-423d-a698-81481b18c5a8,23472,Zeka,6b28be83-b1f2-3f1b-b887-85f87e172511,Sylas,blue,True,9,0,142373,27009,16.564341518181767,4929.232708060685,10.135473766640564,28.58845710754395,0.9897884981527088,17.0,73.91304347826086,17.0,22.799130039602673,486.33471128745225,14047,42.58276380204546
fd75925e-b6d9-423d-a698-81481b18c5a8,23596,Zeus,6d94812f-ea1f-3460-80b7-c38518abb709,Ambessa,blue,True,2,3,178077,23794,20.71831207134256,6165.375267454662,15.074663506306612,30.938138961791992,1.0711390958748621,3.3333333333333335,43.47826086956522,10.0,19.173213010452507,408.98924641835794,11813,55.226416095981314
fd75925e-b6d9-423d-a698-81481b18c5a8,20199,Delight,787b7cb3-d9ef-3d55-91f6-7e076ba8b0c5,Braum,blue,True,0,2,18517,18831,2.1543544906138927,641.0948849512176,2.2269392663860494,108.84978485107422,3.7685932006299194,10.5,91.30434782608695,21.0,13.495747581639941,287.8816205848342,8315,48.52487357213255
fd75925e-b6d9-423d-a698-81481b18c5a8,23810,Peanut,bbd16ab8-92ed-3f82-8748-b23c20eca335,Jarvan IV,blue,True,5,2,251189,33669,29.224504517082305,8696.656210833904,19.511340686655274,55.558406829833984,1.9235410938405444,10.0,86.95652173913044,20.0,20.895280140232423,445.7231489367595,12874,34.622135898128334
1eb1dea2-97f3-461c-a2b1-4b0e3f19d93b,21335,Kiin,ab9c3c0e-0889-3a85-85ea-c66607d8b9e5,Yorick,blue,True,0,5,292233,38964,22.49361521326496,6908.570672071439,18.305750438486594,51.32820129394531,1.2134307422828012,1.6,57.14285714285714,8.0,20.192769865162287,377.3989323893895,15964,33.17532202470918
1eb1dea2-97f3-461c-a2b1-4b0e3f19d93b,21233,Canyon,e0e42b0a-7461-3143-b9a9-b70417c2384d,Pantheon,blue,True,2,3,350561,49932,26.983209434859777,8287.481028398695,24.592143107681515,70.91744995117188,1.676532817548874,3.0,64.28571428571429,9.0,18.031065799792557,336.99710481149754,14255,27.266544891182203
1eb1dea2-97f3-461c-a2b1-4b0e3f19d93b,22132,Duro,436a79b6-6087-3bbe-b340-3620c4cbd696,Blitzcrank,blue,True,1,3,13909,18658,1.070596729326607,328.8174486722637,1.3710202069985213,157.50396728515625,3.723492176178357,3.3333333333333335,71.42857142857143,10.0,12.832350932226971,239.83413737724607,10145,37.42964944105683
1eb1dea2-97f3-461c-a2b1-4b0e3f19d93b,22958,Chovy,b51404e9-0865-3237-90a7-9d8747f6bf30,Cassiopeia,blue,True,2,2,224021,30887,17.24323458914917,5295.996381408382,13.619125782722353,67.72190856933594,1.6009882230919086,7.0,100.0,14.0,20.80624351741759,388.86463535912475,16449,29.233208458300304
1eb1dea2-97f3-461c-a2b1-4b0e3f19d93b,22090,Ruler,e5eeaee9-eaa4-330f-85a1-e90230d9e0ad,Xayah,blue,True,9,1,418458,13194,32.209344033399475,9892.608522287594,18.81132838840189,68.6044692993164,1.621852510066566,13.0,92.85714285714286,13.0,28.137569885400595,525.8856960036312,22245,30.767682005229307
1eb1dea2-97f3-461c-a2b1-4b0e3f19d93b,27265,Viper,2318754b-1f27-3758-a5d7-d221fce0f02e,Lucian,red,False,5,0,450116,19927,35.181418993382906,10641.023418402809,22.396059309384018,66.59928131103516,1.5744486134230322,12.0,85.71428571428571,12.0,26.99058592858198,475.12927481595773,20098,23.485226973637552
1eb1dea2-97f3-461c-a2b1-4b0e3f19d93b,23472,Zeka,39cd3cf0-4f19-3b16-a4fa-9b650bc71e9e,Viktor,red,False,2,4,278705,21044,21.78380102140511,6588.760301402204,17.372374244218662,62.863243103027344,1.4861263363578783,2.25,64.28571428571429,9.0,21.54492835367901,379.2665417390989,16043,22.499649330733913
1eb1dea2-97f3-461c-a2b1-4b0e3f19d93b,23596,Zeus,73de7cf4-356a-3850-89bc-41a575bd660a,Ornn,red,False,1,5,212396,41974,16.601037662554887,5021.1741195049335,15.690034719657236,47.52841567993164,1.1236014367179479,2.0,71.42857142857143,10.0,18.1794985429005,320.02313629135335,13537,15.878974186013892
1eb1dea2-97f3-461c-a2b1-4b0e3f19d93b,20199,Delight,8bee9844-a12e-32cd-a20c-6d59dd9a07c4,Pyke,red,False,5,1,25322,11675,1.9791873467071643,598.6278981435805,2.0880679475550425,212.82630920410156,5.031346897895391,11.0,78.57142857142857,11.0,16.285940668519935,286.6898554927416,12127,34.68284525950314
1eb1dea2-97f3-461c-a2b1-4b0e3f19d93b,23810,Peanut,52ab36ab-7b94-31c7-afa5-e74badcd74ea,Skarner,red,False,1,4,312875,43788,24.454554975949925,7396.560446713244,24.717569916258494,89.5465087890625,2.1169354056745973,2.0,57.14285714285714,8.0,16.999046506318575,299.2430271977507,12658,23.40236658413462
