gameId,side,actual,actualRole,usedRole,primaryRole,fallback,covBefore,covAfter,candidates,candRoleNull,actualScore,bestScore,bestPick,bestIsActual,rank1,rank2,mismatch,actualTop3,bestTop3,actualRoleCov,bestRoleCov,diffCov,actualCF_raw,actualCF_z,actualCF_wz,actualCF_count,bestCF_raw,bestCF_z,bestCF_wz,bestCF_count
d9321570-4077-4c0d-8ff7-14d30fc50457,red,Aurora,mid,mid,mid,false,1,1,142,0,-0.0655,0.1874,Pyke,false,130,130,false,"opp_meta_sum:0.041,-0.92,-0.064 | opp_synergy:0.333,-1.65,0.062 | counter_for:0.642,1.04,-0.060","counter_for:0.000,-3.50,0.201 | opp_meta_sum:0.041,-0.92,-0.064 | opp_synergy:0.333,-1.65,0.062",1,1,0,0.6416666666666666,1.0405660221509496,-0.059706637784999336,2,0,-3.502431978929929,0.2009660445190204,1
49fc728e-e6eb-4fe5-ab54-1215d20225b7,red,Sejuani,jungle,jungle,jungle,false,1,1,142,0,0.057,0.2184,Kindred,false,24,24,false,"opp_meta_sum:0.034,-1.22,-0.085 | opp_synergy:0.309,-1.87,0.071 | counter_for:0.370,-0.88,0.051","counter_for:0.000,-3.50,0.201 | opp_meta_sum:0.034,-1.22,-0.085 | opp_synergy:0.309,-1.87,0.071",1,1,0,0.3701298701298701,-0.8819136514385133,0.05060332340589045,2,0,-3.502431978929929,0.2009660445190204,1
2d5fb8f6-c456-4288-ae70-edb91716e54a,blue,Sejuani,jungle,jungle,jungle,false,1,1,133,0,-0.0163,0.228,Graves,false,115,115,false,"our_meta_sum:0.121,1.98,-0.043 | opp_synergy:0.390,-1.14,0.043 | our_synergy:0.472,-0.39,-0.018","counter_for:0.000,-3.50,0.201 | opp_synergy:0.390,-1.14,0.043 | our_meta_sum:0.095,0.94,-0.021",1,1,0,0.5384615384615384,0.30987403596311613,-0.01778026230952764,1,0,-3.502431978929929,0.2009660445190204,1
d7b2ce43-dc15-43fa-b2fc-93a6176a0d40,blue,Elise,support,support,support,false,1,1,140,0,0.1203,0.2155,Zac,false,79,79,false,"opp_synergy:0.405,-1.00,0.038 | our_meta_sum:0.035,-1.47,0.032 | counter_for:0.429,-0.47,0.027","counter_for:0.267,-1.61,0.093 | opp_synergy:0.405,-1.00,0.038 | our_synergy:0.593,0.80,0.037",1,0.5,0.5,0.42857142857142855,-0.4681475997293421,0.02686184112486992,1,0.26666666666666666,-1.614432809649564,0.09263454018488233,2
f05bf22d-dfac-4b9d-b8ab-1f52b00e6bca,red,Alistar,support,support,support,false,1,1,145,0,-0.202,-0.0128,Wukong,false,126,126,false,"opp_meta_sum:0.016,-1.92,-0.134 | counter_for:0.643,1.05,-0.060 | opp_synergy:0.571,0.51,-0.019","opp_meta_sum:0.016,-1.92,-0.134 | counter_for:0.167,-2.32,0.133 | opp_synergy:0.571,0.51,-0.019",1,0.5,0.5,0.6428571428571428,1.0489945898709512,-0.060190260572205306,2,0.16666666666666666,-2.3224324981297007,0.13325885431018408,1
762780e7-c291-4637-85d2-72cd286414b3,blue,K'Sante,top,top,top,false,1,1,113,0,0.019,0.208,Lulu,false,42,42,false,"opp_meta_sum:0.111,1.93,0.134 | counter_against:0.646,1.18,-0.036 | our_synergy:0.434,-0.76,-0.035","counter_for:0.000,-3.50,0.201 | opp_meta_sum:0.111,1.93,0.134 | our_synergy:0.292,-2.16,-0.099",1,1,0,0.5429610645127887,0.3417306663890506,-0.019608163906737332,4,0,-3.502431978929929,0.2009660445190204,1
c3a28ecb-3898-4cec-a070-fee42bed8f2a,red,Rakan,support,support,support,false,1,1,141,0,-0.044,0.1206,Pyke,false,17,17,false,"opp_meta_sum:0.028,-1.45,-0.101 | counter_for:0.304,-1.35,0.078 | counter_against:0.417,-0.63,0.019","counter_for:0.000,-3.50,0.201 | opp_meta_sum:0.028,-1.45,-0.101 | counter_against:0.417,-0.63,0.019",1,1,0,0.3035714285714286,-1.353147210329513,0.07764223378149712,2,0,-3.502431978929929,0.2009660445190204,1
0ee6d90f-2d5b-4074-a421-6a3c5f375a8d,red,Aatrox,top,top,top,false,1,1,146,0,0.0265,0.1497,Rek'Sai,false,20,20,false,"opp_meta_sum:0.041,-0.94,-0.065 | counter_for:0.393,-0.72,0.041 | opp_synergy:0.428,-0.80,0.030","counter_for:0.250,-1.73,0.099 | opp_meta_sum:0.041,-0.94,-0.065 | our_synergy:0.609,0.96,0.044",1,1,0,0.39285714285714285,-0.721004631329391,0.041370524741049124,2,0.25,-1.7324327577295866,0.09940525920576596,1
5d1c4c1b-63aa-4d60-b484-3ce9db6004e2,red,K'Sante,top,top,top,false,1,1,80,0,-0.1215,-0.1215,K'Sante,true,1,1,false,"counter_for:0.000,-3.50,0.201 | opp_synergy:1.000,4.40,-0.166 | opp_meta_sum:0.030,-1.38,-0.096","counter_for:0.000,-3.50,0.201 | opp_synergy:1.000,4.40,-0.166 | opp_meta_sum:0.030,-1.38,-0.096",1,1,0,0,-3.502431978929929,0.2009660445190204,1,0,-3.502431978929929,0.2009660445190204,1
e7f57856-4ddf-4c7c-b916-9b499ee5036d,blue,Jhin,bot,bot,bot,false,1,1,108,0,0.2067,0.4998,Bel'Veth,false,94,94,false,"opp_meta_sum:0.098,1.41,0.098 | counter_for:0.714,1.55,-0.089 | counter_against:0.178,-2.52,0.077","counter_for:0.000,-3.50,0.201 | opp_meta_sum:0.098,1.41,0.098 | counter_against:0.178,-2.52,0.077",1,1,0,0.7142857142857143,1.5547086530710497,-0.08920762780456376,1,0,-3.502431978929929,0.2009660445190204,1
37b7224b-8d66-4edb-bc00-b93c06dfa83b,blue,Nasus,top,top,top,false,1,1,128,0,-0.0049,0.1873,Annie,false,36,36,false,"opp_meta_sum:0.085,0.86,0.060 | our_synergy:0.430,-0.80,-0.037 | counter_against:0.597,0.79,-0.024","counter_for:0.000,-3.50,0.201 | opp_meta_sum:0.085,0.86,0.060 | our_synergy:0.406,-1.03,-0.047",1,0.5,0.5,0.5,0.03756646347075591,-0.0021555261074885034,0,0,-3.502431978929929,0.2009660445190204,1
3fac43ff-da55-4ae7-bb2c-2b176401bbfc,red,Lee Sin,jungle,jungle,jungle,false,1,1,101,0,0.093,0.1773,Jarvan IV,false,12,12,false,"our_synergy:0.671,1.57,0.072 | opp_synergy:0.596,0.73,-0.028 | counter_for:0.435,-0.43,0.024","our_synergy:0.736,2.21,0.101 | counter_for:0.333,-1.14,0.066 | opp_synergy:0.596,0.73,-0.028",1,1,0,0.43452380952380953,-0.4260047611293337,0.02444372718884004,3,0.3333333333333333,-1.1424330173294726,0.0655516641013478,1
d831b1bc-6170-4f6b-8fd1-512eb9b4153d,blue,Aatrox,top,top,top,false,1,1,81,0,0.0992,0.4017,Lulu,false,75,75,false,"opp_meta_sum:0.127,2.58,0.180 | counter_against:0.222,-2.17,0.066 | our_synergy:0.370,-1.40,-0.064","counter_for:0.000,-3.50,0.201 | opp_meta_sum:0.127,2.58,0.180 | counter_against:0.222,-2.17,0.066",1,0.5,0.5,0.625,0.9225660740709272,-0.05293591876411573,2,0,-3.502431978929929,0.2009660445190204,1
821b77c1-d135-4e87-8137-557e141b1266,blue,Jhin,bot,bot,bot,false,1,1,137,0,0.2353,0.3861,Pyke,false,9,9,false,"counter_for:0.286,-1.48,0.085 | counter_against:0.167,-2.61,0.079 | opp_synergy:0.347,-1.52,0.058","counter_for:0.000,-3.50,0.201 | counter_against:0.167,-2.61,0.079 | opp_synergy:0.347,-1.52,0.058",1,0.5,0.5,0.2857142857142857,-1.479575726129538,0.08489657558958676,1,0,-3.502431978929929,0.2009660445190204,1
7bd88932-2ec8-46cc-93d7-c57d69ae284a,red,Viego,jungle,jungle,jungle,false,1,1,118,0,-0.4076,-0.119,Sivir,false,112,112,false,"counter_against:1.000,3.98,-0.121 | opp_synergy:0.833,2.89,-0.109 | counter_for:0.733,1.69,-0.097","counter_for:0.000,-3.50,0.201 | counter_against:1.000,3.98,-0.121 | opp_synergy:0.833,2.89,-0.109",1,0.5,0.5,0.7333333333333334,1.6895657365910761,-0.09694559239985935,2,0,-3.502431978929929,0.2009660445190204,1
141a99c7-a90b-4428-a5d6-a54a1aaf677d,blue,Skarner,top,top,top,false,1,1,109,0,-0.3537,-0.1507,Pyke,false,60,62,true,"our_synergy:0.200,-3.07,-0.141 | counter_against:1.000,3.98,-0.121 | opp_meta_sum:0.035,-1.18,-0.082","counter_for:0.000,-3.50,0.201 | our_synergy:0.200,-3.07,-0.141 | counter_against:1.000,3.98,-0.121",1,0.5,0.5,0.5,0.03756646347075591,-0.0021555261074885034,0,0,-3.502431978929929,0.2009660445190204,1
41476087-dcf3-4d87-9a21-f3dc1cb5b60f,red,Alistar,support,support,support,false,1,1,141,0,-0.069,0.2058,Orianna,false,125,125,false,"opp_meta_sum:0.046,-0.71,-0.049 | counter_for:0.586,0.64,-0.037 | our_synergy:0.576,0.63,0.029","counter_for:0.000,-3.50,0.201 | our_synergy:0.630,1.17,0.054 | opp_meta_sum:0.046,-0.71,-0.049",1,0.5,0.5,0.5855239855239854,0.6430760145563703,-0.03689905863922997,3,0,-3.502431978929929,0.2009660445190204,2
bbcf30e5-2f54-4ce9-a393-3bcf2ecca045,blue,Ornn,top,top,top,false,1,1,140,0,0.1065,0.3316,Bel'Veth,false,95,95,false,"our_synergy:0.620,1.07,0.049 | opp_meta_sum:0.075,0.46,0.032 | our_meta_sum:0.046,-1.03,0.022","counter_for:0.000,-3.50,0.201 | our_synergy:0.686,1.72,0.079 | opp_meta_sum:0.075,0.46,0.032",1,0.5,0.5,0.46651785714285715,-0.19948700365428992,0.011446364782679502,4,0,-3.502431978929929,0.2009660445190204,1
9bb0ea79-939f-4f69-a23d-a35e476b023c,red,Zyra,jungle,jungle,jungle,false,1,1,112,0,-0.1374,-0.0003,Udyr,false,27,27,false,"opp_meta_sum:0.039,-1.02,-0.071 | our_synergy:0.358,-1.51,-0.069 | opp_synergy:0.701,1.68,-0.064","opp_meta_sum:0.039,-1.02,-0.071 | counter_for:0.333,-1.14,0.066 | opp_synergy:0.701,1.68,-0.064",1,0.5,0.5,0.5,0.03756646347075591,-0.0021555261074885034,0,0.3333333333333333,-1.1424330173294726,0.0655516641013478,1
a40aa5da-0e41-4e15-a573-0dbce107a6eb,red,Ezreal,bot,bot,bot,false,1,1,141,0,-0.1525,0.0729,Milio,false,52,52,false,"opp_meta_sum:0.032,-1.28,-0.089 | opp_synergy:0.649,1.21,-0.046 | our_synergy:0.428,-0.83,-0.038","counter_for:0.000,-3.50,0.201 | opp_meta_sum:0.032,-1.28,-0.089 | opp_synergy:0.649,1.21,-0.046",1,1,0,0.46153846153846156,-0.2347411090216043,0.013469210094550634,2,0,-3.502431978929929,0.2009660445190204,1
8ce3959e-bb48-46cd-93f8-37a8e064780d,blue,K'Sante,top,top,top,false,1,1,110,0,-0.2102,0.0344,Sejuani,false,96,96,false,"opp_meta_sum:0.034,-1.21,-0.084 | counter_against:0.750,2.00,-0.061 | our_synergy:0.383,-1.27,-0.058","counter_for:0.000,-3.50,0.201 | opp_meta_sum:0.034,-1.21,-0.084 | counter_against:0.750,2.00,-0.061",1,0.5,0.5,0.4805194805194805,-0.10035555376563447,0.00575830131951834,3,0,-3.502431978929929,0.2009660445190204,1
d4fe99da-bb25-4bd7-b574-a6d9a6813919,red,Rell,support,support,support,false,1,1,144,0,-0.0225,0.1076,Vladimir,false,41,41,false,"opp_meta_sum:0.055,-0.34,-0.023 | opp_synergy:0.579,0.58,-0.022 | counter_for:0.452,-0.30,0.017","counter_for:0.194,-2.13,0.122 | our_meta_sum:0.040,-1.28,0.028 | opp_meta_sum:0.055,-0.34,-0.023",1,0.5,0.5,0.4521590486807878,-0.3011473228352003,0.017279532236960958,3,0.19444444444444442,-2.1257659179963295,0.1219743226087114,3
23db366d-573d-4f3b-8fe2-3082b36f2ce1,red,Rell,support,support,support,false,1,1,145,0,-0.1386,0.0424,Zac,false,127,127,false,"opp_meta_sum:0.029,-1.40,-0.098 | opp_synergy:0.576,0.55,-0.021 | counter_for:0.532,0.26,-0.015","counter_for:0.200,-2.09,0.120 | opp_meta_sum:0.029,-1.40,-0.098 | our_meta_sum:0.038,-1.36,0.030",1,0.5,0.5,0.5317907759768224,0.2626450583520771,-0.01507031080318383,3,0.2,-2.0864326019696553,0.11971741626841685,1
3f199c9e-ed1c-4f6d-ab7c-7e8005fa7901,blue,Miss Fortune,bot,bot,bot,false,1,1,140,0,0.0987,0.2616,Pyke,false,25,25,false,"opp_meta_sum:0.084,0.83,0.058 | counter_for:0.438,-0.40,0.023 | our_synergy:0.553,0.40,0.019","counter_for:0.000,-3.50,0.201 | opp_meta_sum:0.084,0.83,0.058 | our_meta_sum:0.046,-1.03,0.023",1,1,0,0.4377931096681097,-0.40285812629220796,0.0231155964285206,4,0,-3.502431978929929,0.2009660445190204,1
276de570-8781-4268-a15e-ce9d7449cd2a,blue,Amumu,jungle,jungle,jungle,false,1,1,128,0,0.1275,0.3292,Graves,false,48,56,true,"opp_meta_sum:0.116,2.15,0.150 | our_synergy:0.433,-0.77,-0.036 | opp_synergy:0.471,-0.40,0.015","counter_for:0.000,-3.50,0.201 | opp_meta_sum:0.116,2.15,0.150 | our_synergy:0.433,-0.77,-0.036",1,1,0,0.5,0.03756646347075591,-0.0021555261074885034,0,0,-3.502431978929929,0.2009660445190204,2
698e3736-79a6-499b-888b-51915e3c3f27,blue,Kai'Sa,bot,bot,bot,false,1,1,128,0,0.013,0.2192,Aurelion Sol,false,16,16,false,"counter_for:0.418,-0.54,0.031 | counter_against:0.584,0.69,-0.021 | our_meta_sum:0.089,0.69,-0.015","counter_for:0.000,-3.50,0.201 | our_synergy:0.583,0.70,0.032 | counter_against:0.584,0.69,-0.021",1,0.5,0.5,0.4182692307692308,-0.5410871280755098,0.03104703832184468,2,0,-3.502431978929929,0.2009660445190204,1
49c3e8a7-5034-4555-af9b-ce12a7878b33,blue,Jhin,bot,bot,bot,false,1,1,137,0,0.0654,0.2272,Shyvana,false,10,10,false,"counter_for:0.381,-0.80,0.046 | counter_against:0.326,-1.35,0.041 | opp_meta_sum:0.051,-0.52,-0.036","counter_for:0.000,-3.50,0.201 | counter_against:0.326,-1.35,0.041 | opp_meta_sum:0.051,-0.52,-0.036",1,0.5,0.5,0.3814814814814815,-0.8015442784316288,0.04599180915212843,3,0,-3.502431978929929,0.2009660445190204,1
ab8beb67-8f10-4e9a-a981-5de92d4d1121,red,Milio,support,support,support,false,1,1,103,0,0.1302,0.2476,Ashe,false,8,8,false,"counter_for:0.250,-1.73,0.099 | counter_against:0.300,-1.55,0.047 | opp_meta_sum:0.061,-0.09,-0.006","counter_for:0.000,-3.50,0.201 | counter_against:0.300,-1.55,0.047 | our_synergy:0.532,0.21,0.009",1,1,0,0.25,-1.7324327577295866,0.09940525920576596,1,0,-3.502431978929929,0.2009660445190204,1
d81f04e3-c270-49f0-96f6-e42c3c8596d3,red,Jhin,bot,bot,bot,false,1,1,146,0,-0.0909,0.0492,Aphelios,false,24,24,false,"opp_meta_sum:0.017,-1.91,-0.133 | counter_for:0.364,-0.93,0.053 | our_synergy:0.460,-0.51,-0.023","counter_for:0.000,-3.50,0.201 | opp_meta_sum:0.017,-1.91,-0.133 | our_synergy:0.423,-0.87,-0.040",1,1,0,0.36363636363636365,-0.9278876571839764,0.05324126588155938,1,0,-3.502431978929929,0.2009660445190204,1
7b789cf1-5e1b-43fc-93c7-e2761878a6da,red,Lillia,jungle,jungle,jungle,false,1,1,78,0,0.0118,0.0761,Bard,false,40,43,true,"our_synergy:0.743,2.28,0.105 | opp_synergy:0.688,1.56,-0.059 | our_meta_sum:0.101,1.18,-0.026","our_synergy:0.743,2.28,0.105 | counter_for:0.333,-1.14,0.066 | opp_synergy:0.688,1.56,-0.059",1,0.5,0.5,0.5,0.03756646347075591,-0.0021555261074885034,0,0.3333333333333333,-1.1424330173294726,0.0655516641013478,1
82fa5082-670e-4482-8299-5b5c99723844,blue,Lucian,bot,bot,bot,false,1,1,145,0,0.0692,0.331,Zed,false,122,122,false,"opp_meta_sum:0.086,0.90,0.062 | counter_for:0.554,0.42,-0.024 | our_meta_sum:0.048,-0.95,0.021","counter_for:0.000,-3.50,0.201 | opp_meta_sum:0.086,0.90,0.062 | our_meta_sum:0.034,-1.51,0.033",1,0.5,0.5,0.5536858974358975,0.41766245007467584,-0.023965053722834823,4,0,-3.502431978929929,0.2009660445190204,1
dfa575df-5e5c-4f56-b69f-91f273b6777b,red,Neeko,mid,mid,mid,false,1,1,42,0,0.3405,0.3813,Varus,false,37,37,false,"opp_meta_sum:0.130,2.70,0.188 | opp_synergy:0.000,-4.67,0.177 | our_meta_sum:0.090,0.74,-0.016","opp_meta_sum:0.130,2.70,0.188 | opp_synergy:0.000,-4.67,0.177 | our_synergy:0.600,0.87,0.040",1,0.5,0.5,0.5,0.03756646347075591,-0.0021555261074885034,0,0.5,0.03756646347075591,-0.0021555261074885034,0
852ad40e-6781-4907-9442-1ba8ceff8081,blue,Miss Fortune,bot,bot,bot,false,1,1,117,0,-0.0347,0.1481,Aphelios,false,15,15,false,"our_synergy:0.436,-0.74,-0.034 | counter_against:0.563,0.52,-0.016 | our_meta_sum:0.060,-0.46,0.010","counter_for:0.000,-3.50,0.201 | our_synergy:0.403,-1.07,-0.049 | counter_against:0.563,0.52,-0.016",1,1,0,0.5,0.03756646347075591,-0.0021555261074885034,0,0,-3.502431978929929,0.2009660445190204,1
c51059ca-4c2d-42ec-a4bf-0c1637f6b7c2,blue,Xayah,bot,bot,bot,false,1,1,141,0,-0.0334,0.2105,Senna,false,117,117,false,"counter_for:0.620,0.88,-0.051 | opp_synergy:0.409,-0.97,0.037 | opp_meta_sum:0.054,-0.41,-0.028","counter_for:0.000,-3.50,0.201 | opp_synergy:0.409,-0.97,0.037 | opp_meta_sum:0.054,-0.41,-0.028",1,1,0,0.6196895424836601,0.8849680513983711,-0.050778581821187135,3,0,-3.502431978929929,0.2009660445190204,1
0059305c-15c2-40c1-99e3-8e1da9264a62,red,Alistar,support,support,support,false,1,1,141,0,-0.0155,0.1148,Draven,false,30,30,false,"opp_meta_sum:0.040,-0.96,-0.067 | our_synergy:0.555,0.43,0.020 | counter_against:0.438,-0.46,0.014","counter_for:0.000,-3.50,0.201 | opp_meta_sum:0.040,-0.96,-0.067 | our_synergy:0.376,-1.33,-0.061",1,1,0,0.48016198016198014,-0.10288665518305248,0.005903533387748368,3,0,-3.502431978929929,0.2009660445190204,1
f85163ed-c80a-4d99-8614-75c710792de9,red,Xin Zhao,jungle,jungle,jungle,false,1,1,44,0,-0.0931,-0.0931,Xin Zhao,true,1,1,false,"our_meta_sum:0.200,5.20,-0.114 | our_synergy:0.694,1.80,0.083 | opp_meta_sum:0.041,-0.92,-0.064","our_meta_sum:0.200,5.20,-0.114 | our_synergy:0.694,1.80,0.083 | opp_meta_sum:0.041,-0.92,-0.064",1,1,0,0.5,0.03756646347075591,-0.0021555261074885034,0,0.5,0.03756646347075591,-0.0021555261074885034,0
914eb9f0-5e19-4915-b35b-1eb79df83cd5,blue,Galio,mid,mid,mid,false,1,1,145,0,-0.0599,0.1629,Zed,false,93,93,false,"opp_meta_sum:0.045,-0.75,-0.052 | opp_synergy:0.580,0.59,-0.022 | our_synergy:0.560,0.48,0.022","counter_for:0.000,-3.50,0.201 | opp_meta_sum:0.045,-0.75,-0.052 | our_synergy:0.574,0.62,0.028",1,0.5,0.5,0.5166666666666667,0.1555664115507791,-0.008926245128372154,3,0,-3.502431978929929,0.2009660445190204,1
727a3888-a38a-4078-bf33-ba79e095fd3f,blue,Nautilus,support,support,support,false,1,1,140,0,0.1544,0.3877,Bel'Veth,false,116,116,false,"opp_meta_sum:0.103,1.58,0.110 | counter_for:0.432,-0.44,0.025 | counter_against:0.421,-0.60,0.018","counter_for:0.000,-3.50,0.201 | opp_meta_sum:0.103,1.58,0.110 | our_meta_sum:0.029,-1.74,0.038",1,0.5,0.5,0.43231523378582204,-0.4416414704741331,0.025340945934335283,4,0,-3.502431978929929,0.2009660445190204,1
d75d1c40-70f7-4795-af7f-bcf772a09eb3,red,Zeri,bot,bot,bot,false,1,1,141,0,-0.0561,0.1228,Jinx,false,111,111,false,"opp_meta_sum:0.027,-1.51,-0.105 | counter_for:0.385,-0.78,0.045 | our_synergy:0.432,-0.78,-0.036","counter_for:0.000,-3.50,0.201 | opp_meta_sum:0.027,-1.51,-0.105 | our_meta_sum:0.029,-1.72,0.038",1,1,0,0.38461538461538464,-0.7793562540063251,0.04471868249862893,1,0,-3.502431978929929,0.2009660445190204,1
e3674422-12dd-4947-b755-aa3ca6f6e3ff,red,Aphelios,bot,bot,bot,false,1,1,46,0,0.2443,0.2738,Nocturne,false,41,42,true,"opp_synergy:0.000,-4.67,0.177 | opp_meta_sum:0.087,0.97,0.068 | our_meta_sum:0.063,-0.38,0.008","opp_synergy:0.000,-4.67,0.177 | opp_meta_sum:0.087,0.97,0.068 | our_meta_sum:0.029,-1.73,0.038",1,0.5,0.5,0.5,0.03756646347075591,-0.0021555261074885034,0,0.5,0.03756646347075591,-0.0021555261074885034,0
de153a39-8b75-4e82-84f8-ecd654d14036,blue,Jhin,bot,bot,bot,false,1,1,119,0,0.0302,0.1666,Aphelios,false,10,10,false,"counter_for:0.400,-0.67,0.038 | counter_against:0.604,0.85,-0.026 | our_synergy:0.474,-0.36,-0.017","counter_for:0.083,-2.91,0.167 | counter_against:0.604,0.85,-0.026 | opp_synergy:0.475,-0.36,0.014",1,1,0,0.4,-0.670433225009381,0.03846878801781327,1,0.08333333333333333,-2.9124322385298154,0.16711244941460227,2
6a9cbf00-98f8-4d43-bf1d-e6d904e61de9,blue,Viktor,mid,mid,mid,false,1,1,131,0,0.0987,0.2331,Yasuo,false,50,53,true,"our_synergy:0.618,1.05,0.048 | opp_meta_sum:0.079,0.62,0.043 | opp_synergy:0.455,-0.55,0.021","counter_for:0.167,-2.32,0.133 | our_synergy:0.618,1.05,0.048 | opp_meta_sum:0.079,0.62,0.043",1,1,0,0.5,0.03756646347075591,-0.0021555261074885034,0,0.16666666666666666,-2.3224324981297007,0.13325885431018408,1
f7af7f8d-f207-49f4-9d72-84da299d63e5,red,Rek'Sai,jungle,jungle,top,false,1,1,114,0,-0.0447,0.1266,Xayah,false,60,60,false,"opp_meta_sum:0.048,-0.63,-0.044 | our_synergy:0.595,0.82,0.038 | our_meta_sum:0.096,0.99,-0.022","counter_for:0.000,-3.50,0.201 | opp_meta_sum:0.048,-0.63,-0.044 | our_meta_sum:0.100,1.16,-0.025",1,1,0,0.5,0.03756646347075591,-0.0021555261074885034,0,0,-3.502431978929929,0.2009660445190204,1
f8540fb2-129d-49af-9ff4-cafeaa220f4a,red,Kalista,bot,bot,bot,false,1,1,117,0,-0.2014,0.1863,Wukong,false,116,116,false,"counter_for:1.000,3.58,-0.205 | counter_against:0.611,0.90,-0.027 | opp_meta_sum:0.073,0.38,0.026","counter_for:0.000,-3.50,0.201 | our_synergy:0.423,-0.87,-0.040 | counter_against:0.611,0.90,-0.027",1,0.5,0.5,1,3.5775649058714416,-0.20527709673399744,1,0,-3.502431978929929,0.2009660445190204,1
c2db8f15-0d83-48c4-9eb6-c52e27701f83,blue,Poppy,top,top,jungle,false,1,1,113,0,0.1216,0.3929,Pyke,false,98,98,false,"opp_meta_sum:0.089,1.04,0.072 | counter_against:0.333,-1.29,0.039 | our_meta_sum:0.035,-1.49,0.032","counter_for:0.000,-3.50,0.201 | opp_meta_sum:0.089,1.04,0.072 | our_meta_sum:0.025,-1.90,0.041",1,1,0,0.5343137254901961,0.28050753304727344,-0.016095241738719502,4,0,-3.502431978929929,0.2009660445190204,1
524249ee-1f04-43e5-9518-988677eb9c61,blue,Ashe,bot,bot,bot,false,1,1,139,0,-0.1236,0.1931,Shyvana,false,137,137,false,"counter_for:0.754,1.84,-0.105 | our_synergy:0.438,-0.73,-0.033 | opp_synergy:0.494,-0.19,0.007","counter_for:0.000,-3.50,0.201 | our_synergy:0.426,-0.84,-0.039 | our_meta_sum:0.052,-0.78,0.017",1,0.5,0.5,0.7541666666666667,1.837065671691104,-0.10540899117596386,4,0,-3.502431978929929,0.2009660445190204,1
561fe4e7-b7ce-498a-a121-92ca96312467,blue,Xayah,bot,bot,bot,false,1,1,141,0,0.0549,0.2405,Sivir,false,13,13,false,"counter_for:0.363,-0.93,0.054 | opp_meta_sum:0.046,-0.72,-0.050 | our_synergy:0.583,0.70,0.032","counter_for:0.000,-3.50,0.201 | our_synergy:0.652,1.38,0.064 | opp_meta_sum:0.046,-0.72,-0.050",1,1,0,0.362719298245614,-0.934380477293643,0.053613817406631945,4,0,-3.502431978929929,0.2009660445190204,2
3ed9b0e6-0943-4a52-a295-f617e9c4292a,blue,K'Sante,top,top,top,false,1,1,92,0,-0.0567,0.1967,Jax,false,90,90,false,"counter_for:0.705,1.49,-0.085 | counter_against:0.292,-1.62,0.049 | our_meta_sum:0.112,1.65,-0.036","counter_for:0.000,-3.50,0.201 | counter_against:0.292,-1.62,0.049 | our_synergy:0.413,-0.97,-0.045",1,1,0,0.7051282051282052,1.489873516763345,-0.08548745251836397,3,0,-3.502431978929929,0.2009660445190204,1
c8f0e6ad-1c2d-4bbb-acd1-69f2872cd0fe,red,Ryze,mid,mid,mid,false,1,1,137,0,-0.0651,0.1268,Zyra,false,21,21,false,"opp_meta_sum:0.030,-1.38,-0.096 | counter_against:0.717,1.74,-0.053 | our_synergy:0.599,0.86,0.039","counter_for:0.000,-3.50,0.201 | opp_meta_sum:0.030,-1.38,-0.096 | counter_against:0.717,1.74,-0.053",1,1,0,0.5,0.03756646347075591,-0.0021555261074885034,0,0,-3.502431978929929,0.2009660445190204,1
29b5ab20-827c-47cd-a9e8-40903dae2b1d,red,Volibear,jungle,jungle,jungle,false,1,1,101,0,-0.1394,0.2461,Tristana,false,100,100,false,"our_synergy:0.263,-2.45,-0.113 | counter_for:0.708,1.51,-0.087 | counter_against:0.325,-1.36,0.041","counter_for:0.000,-3.50,0.201 | counter_against:0.325,-1.36,0.041 | opp_meta_sum:0.075,0.48,0.033",1,0.5,0.5,0.7083333333333333,1.5125658144710408,-0.08678951386853384,2,0,-3.502431978929929,0.2009660445190204,1
186b7746-2470-43a1-b271-c0070d2660be,red,Ryze,mid,mid,mid,false,1,1,146,0,-0.0488,0.1889,Shyvana,false,121,121,false,"opp_meta_sum:0.029,-1.39,-0.097 | counter_for:0.625,0.92,-0.053 | opp_synergy:0.404,-1.01,0.038","counter_for:0.000,-3.50,0.201 | opp_meta_sum:0.029,-1.39,-0.097 | opp_synergy:0.404,-1.01,0.038",1,0.5,0.5,0.625,0.9225660740709272,-0.05293591876411573,2,0,-3.502431978929929,0.2009660445190204,1
d75c9869-3e02-4d12-b67b-e512668555f9,blue,Xayah,bot,bot,bot,false,1,1,99,0,-0.034,0.146,Yuumi,false,91,91,false,"counter_for:0.667,1.22,-0.070 | counter_against:0.250,-1.95,0.059 | opp_synergy:0.568,0.47,-0.018","counter_for:0.000,-3.50,0.201 | our_synergy:0.265,-2.43,-0.111 | counter_against:0.250,-1.95,0.059",1,1,0,0.6666666666666666,1.217565944270984,-0.06986271631632479,1,0,-3.502431978929929,0.2009660445190204,1
8ce7ac9b-660d-4bee-bbd0-bac69220adce,blue,Rell,support,support,support,false,1,1,116,0,0.0399,0.2571,Bel'Veth,false,75,75,false,"our_synergy:0.574,0.62,0.028 | opp_synergy:0.450,-0.59,0.022 | counter_for:0.440,-0.39,0.022","counter_for:0.000,-3.50,0.201 | our_synergy:0.592,0.79,0.036 | opp_synergy:0.450,-0.59,0.022",1,1,0,0.43973214285714285,-0.38912977735432674,0.022327877494813915,4,0,-3.502431978929929,0.2009660445190204,1
93b29e1d-4b93-4bbe-8e9f-650dcc6cc548,blue,Jhin,bot,bot,bot,false,1,1,127,0,-0.0618,0.2058,Graves,false,121,121,false,"counter_for:0.600,0.75,-0.043 | our_synergy:0.433,-0.78,-0.036 | opp_meta_sum:0.073,0.39,0.027","counter_for:0.000,-3.50,0.201 | opp_meta_sum:0.073,0.39,0.027 | our_synergy:0.473,-0.38,-0.017",1,0.5,0.5,0.6,0.7455661519508928,-0.04277984023279028,3,0,-3.502431978929929,0.2009660445190204,1
8ff44a85-0796-441d-9663-4fd95588ed8a,red,Alistar,support,support,support,false,1,1,142,0,0.0047,0.2096,Aphelios,false,39,39,false,"opp_meta_sum:0.032,-1.28,-0.089 | our_synergy:0.578,0.66,0.030 | opp_synergy:0.462,-0.49,0.018","counter_for:0.000,-3.50,0.201 | opp_meta_sum:0.032,-1.28,-0.089 | our_synergy:0.585,0.72,0.033",1,1,0,0.45454545454545453,-0.2842515767474883,0.01631007122219413,1,0,-3.502431978929929,0.2009660445190204,1
2cefa028-d9db-4fa8-ae2a-191ad131b9d0,blue,Zeri,bot,bot,bot,false,1,1,140,0,-0.1118,0.1032,Hwei,false,101,101,false,"our_meta_sum:0.106,1.39,-0.030 | opp_meta_sum:0.055,-0.36,-0.025 | counter_against:0.593,0.76,-0.023","counter_for:0.000,-3.50,0.201 | opp_meta_sum:0.055,-0.36,-0.025 | counter_against:0.593,0.76,-0.023",1,0.5,0.5,0.49583333333333335,0.008066476450750306,-0.0004628463522676018,4,0,-3.502431978929929,0.2009660445190204,1
fbf73fc0-e392-442b-b1c3-03254ecc8a96,blue,Poppy,support,support,jungle,false,1,1,142,0,0.087,0.2586,Zyra,false,26,26,false,"our_synergy:0.656,1.42,0.065 | opp_synergy:0.451,-0.58,0.022 | opp_meta_sum:0.057,-0.27,-0.019","counter_for:0.000,-3.50,0.201 | our_synergy:0.566,0.53,0.024 | our_meta_sum:0.046,-1.04,0.023",1,0.5,0.5,0.5115942028985507,0.1196533838742501,-0.006865591513320597,3,0,-3.502431978929929,0.2009660445190204,1
c2c07780-17b4-46ab-8194-addf43d7d599,blue,Tristana,mid,mid,mid,false,1,1,109,0,0.038,0.3642,Bel'Veth,false,107,107,false,"opp_meta_sum:0.107,1.76,0.123 | counter_for:0.583,0.63,-0.036 | counter_against:0.594,0.77,-0.023","counter_for:0.000,-3.50,0.201 | opp_meta_sum:0.107,1.76,0.123 | our_synergy:0.661,1.47,0.068",1,1,0,0.5833333333333333,0.6275662038708696,-0.03600912121190662,2,0,-3.502431978929929,0.2009660445190204,1
5a5c4411-97dd-4949-85ea-2f325ce3a3c4,blue,Aatrox,top,top,top,false,1,1,82,0,0.0904,0.3719,Jarvan IV,false,77,77,false,"opp_meta_sum:0.114,2.06,0.143 | our_meta_sum:0.109,1.52,-0.033 | counter_for:0.417,-0.55,0.032","counter_for:0.000,-3.50,0.201 | opp_meta_sum:0.114,2.06,0.143 | our_synergy:0.675,1.61,0.074",1,0.5,0.5,0.4166666666666667,-0.5524332769293582,0.031698068996929646,3,0,-3.502431978929929,0.2009660445190204,1
aa45ac53-ba2a-4bc4-9712-5cec9275b462,blue,Kalista,bot,bot,bot,false,1,1,127,0,0.1854,0.3607,Yuumi,false,14,14,false,"opp_meta_sum:0.092,1.14,0.080 | counter_for:0.357,-0.97,0.056 | counter_against:0.411,-0.68,0.021","counter_for:0.000,-3.50,0.201 | opp_meta_sum:0.092,1.14,0.080 | our_meta_sum:0.040,-1.29,0.028",1,1,0,0.35714285714285715,-0.9738616629294398,0.05587920835722832,3,0,-3.502431978929929,0.2009660445190204,1
98865c38-8531-48d0-9f63-41080a4d5ceb,blue,Xayah,bot,bot,bot,false,1,1,83,0,-0.0181,0.1934,Jarvan IV,false,69,69,false,"opp_meta_sum:0.039,-1.02,-0.071 | our_synergy:0.667,1.53,0.070 | opp_synergy:0.600,0.77,-0.029","counter_for:0.000,-3.50,0.201 | opp_meta_sum:0.039,-1.02,-0.071 | our_synergy:0.667,1.53,0.070",1,0.5,0.5,0.5,0.03756646347075591,-0.0021555261074885034,0,0,-3.502431978929929,0.2009660445190204,1
8041e37c-19b2-4255-884e-cb2021e735b3,blue,Sejuani,jungle,jungle,jungle,false,1,1,141,0,-0.0077,0.1641,Nocturne,false,110,110,false,"opp_meta_sum:0.048,-0.64,-0.045 | opp_synergy:0.404,-1.00,0.038 | our_synergy:0.541,0.29,0.013","counter_for:0.125,-2.62,0.150 | opp_meta_sum:0.048,-0.64,-0.045 | opp_synergy:0.404,-1.00,0.038",1,1,0,0.5222222222222221,0.19489972757745247,-0.011183151468666646,3,0.125,-2.617432368329758,0.15018565186239316,2
6594ea3a-9d37-45b7-b217-0d1c68a7a223,blue,K'Sante,top,top,top,false,1,1,92,0,0.0263,0.3109,Jax,false,86,86,false,"counter_against:0.306,-1.51,0.046 | counter_for:0.607,0.80,-0.046 | our_synergy:0.566,0.54,0.025","counter_for:0.000,-3.50,0.201 | counter_against:0.306,-1.51,0.046 | our_synergy:0.583,0.71,0.032",1,1,0,0.6071428571428571,0.7961375582709024,-0.04568157695602611,3,0,-3.502431978929929,0.2009660445190204,1
06b643c8-61a3-4318-babe-9c675631ed34,red,Sylas,mid,mid,mid,false,1,1,141,0,-0.0253,0.205,Xerath,false,106,106,false,"counter_against:0.657,1.27,-0.039 | opp_synergy:0.566,0.46,-0.017 | our_meta_sum:0.058,-0.54,0.012","counter_for:0.000,-3.50,0.201 | our_synergy:0.601,0.88,0.041 | counter_against:0.657,1.27,-0.039",1,1,0,0.47222222222222215,-0.15910011666261598,0.009129005593984243,3,0,-3.502431978929929,0.2009660445190204,1
5b8c5f8b-ccc3-4f10-a7b8-2cd6cbf72052,red,Rell,support,support,support,false,1,1,133,0,-0.0323,0.3099,Aphelios,false,123,123,false,"counter_for:0.592,0.69,-0.040 | opp_synergy:0.421,-0.85,0.032 | opp_meta_sum:0.053,-0.42,-0.029","our_synergy:0.833,3.17,0.145 | counter_for:0.167,-2.32,0.133 | our_meta_sum:0.024,-1.93,0.042",1,0.5,0.5,0.5921052631578947,0.6896714397024607,-0.039572657538687495,2,0.16666666666666666,-2.3224324981297007,0.13325885431018408,2
62bdd438-a1d7-409d-a203-d914607712a0,blue,Alistar,support,support,support,false,1,1,139,0,-0.0401,0.204,Xerath,false,122,122,false,"counter_for:0.630,0.96,-0.055 | counter_against:0.445,-0.41,0.012 | opp_synergy:0.479,-0.33,0.012","counter_for:0.000,-3.50,0.201 | our_synergy:0.437,-0.74,-0.034 | counter_against:0.445,-0.41,0.012",1,0.5,0.5,0.630057123655914,0.9583704938008539,-0.0549903405637992,4,0,-3.502431978929929,0.2009660445190204,1
94bee297-edc3-4d35-ad88-d5d8445a1328,blue,Miss Fortune,bot,bot,bot,false,1,1,137,0,0.1517,0.4652,Xerath,false,131,131,false,"opp_meta_sum:0.095,1.29,0.090 | our_meta_sum:0.029,-1.74,0.038 | counter_against:0.392,-0.83,0.025","counter_for:0.000,-3.50,0.201 | opp_meta_sum:0.095,1.29,0.090 | our_synergy:0.700,1.86,0.085",1,0.5,0.5,0.5387667887667887,0.31203520717337296,-0.017904268152400968,4,0,-3.502431978929929,0.2009660445190204,1
81dee15d-fb36-4a83-a78d-ab9d8b103271,blue,Twisted Fate,mid,mid,top,false,1,1,144,0,0.0927,0.1534,Karthus,false,4,4,false,"counter_for:0.325,-1.20,0.069 | our_synergy:0.603,0.90,0.042 | our_meta_sum:0.030,-1.68,0.037","counter_for:0.000,-3.50,0.201 | our_meta_sum:0.028,-1.76,0.038 | our_synergy:0.442,-0.69,-0.032",1,1,0,0.325,-1.201432991369484,0.06893702361178962,2,0,-3.502431978929929,0.2009660445190204,1
290b0e7f-5ac8-4ea9-aca6-6d6de44167c1,blue,Lillia,jungle,jungle,jungle,false,1,1,140,0,0.0098,0.2172,Nocturne,false,136,136,false,"counter_for:0.688,1.37,-0.078 | opp_meta_sum:0.073,0.39,0.027 | opp_synergy:0.451,-0.58,0.022","counter_for:0.100,-2.79,0.160 | our_synergy:0.447,-0.63,-0.029 | opp_meta_sum:0.073,0.39,0.027",1,1,0,0.6879120879120878,1.3679834605048589,-0.07849352298030829,3,0.1,-2.794432290449792,0.1603417303937186,2
3c154c3d-91cc-40d3-a513-dd0a9d9c01a0,red,K'Sante,top,top,top,false,1,1,101,0,0.0889,0.3301,Ezreal,false,85,85,false,"our_synergy:0.603,0.90,0.041 | our_meta_sum:0.105,1.35,-0.030 | opp_meta_sum:0.073,0.37,0.026","counter_for:0.000,-3.50,0.201 | our_synergy:0.674,1.60,0.073 | opp_meta_sum:0.073,0.37,0.026",1,0.5,0.5,0.43452380952380953,-0.4260047611293337,0.02444372718884004,3,0,-3.502431978929929,0.2009660445190204,1
17ca0e7c-2b67-4408-a1fb-870c553d8c4d,red,Nautilus,support,support,support,false,1,1,141,0,-0.0753,0.1296,Blitzcrank,false,29,29,false,"opp_meta_sum:0.039,-1.02,-0.071 | counter_for:0.331,-1.16,0.066 | opp_synergy:0.655,1.27,-0.048","counter_for:0.000,-3.50,0.201 | opp_meta_sum:0.039,-1.02,-0.071 | opp_synergy:0.655,1.27,-0.048",1,1,0,0.3311355311355311,-1.1579934500433218,0.06644450617003576,3,0,-3.502431978929929,0.2009660445190204,1
53493982-f336-418a-a92b-4d7aac25d083,blue,Tristana,mid,mid,mid,false,1,1,140,0,0.0276,0.247,Pyke,false,130,130,false,"counter_for:0.619,0.88,-0.050 | opp_synergy:0.398,-1.07,0.040 | counter_against:0.438,-0.46,0.014","counter_for:0.143,-2.49,0.143 | opp_synergy:0.398,-1.07,0.040 | our_synergy:0.569,0.56,0.026",1,1,0,0.6185185185185186,0.876677205373141,-0.050302861367105454,3,0.14285714285714285,-2.4910038525297336,0.14293131005430357,1
282851b8-1456-4388-be3a-401191926500,blue,Taliyah,mid,mid,mid,false,1,1,92,0,0.2201,0.2783,Maokai,false,4,4,false,"counter_for:0.250,-1.73,0.099 | our_synergy:0.684,1.70,0.078 | opp_meta_sum:0.079,0.62,0.043","counter_for:0.167,-2.32,0.133 | our_synergy:0.750,2.35,0.108 | opp_meta_sum:0.079,0.62,0.043",1,0.5,0.5,0.25,-1.7324327577295866,0.09940525920576596,1,0.16666666666666666,-2.3224324981297007,0.13325885431018408,2
0e8a500d-f630-4641-9119-ef92f7735c0a,blue,Kai'Sa,bot,bot,bot,false,1,1,139,0,0.0965,0.297,Annie,false,47,47,false,"opp_meta_sum:0.096,1.34,0.093 | our_meta_sum:0.085,0.52,-0.011 | counter_against:0.451,-0.36,0.011","counter_for:0.000,-3.50,0.201 | opp_meta_sum:0.096,1.34,0.093 | our_synergy:0.482,-0.29,-0.013",1,0.5,0.5,0.46936274509803927,-0.17934520579399157,0.010290648563253442,3,0,-3.502431978929929,0.2009660445190204,1
df5016d7-42aa-41e1-9e2f-c420ee0a5925,blue,Aphelios,bot,bot,bot,false,1,1,143,0,-0.1724,0.1435,Nami,false,135,135,false,"our_synergy:0.310,-1.99,-0.091 | opp_meta_sum:0.032,-1.29,-0.090 | our_meta_sum:0.032,-1.59,0.035","counter_for:0.000,-3.50,0.201 | opp_meta_sum:0.032,-1.29,-0.090 | our_meta_sum:0.034,-1.53,0.033",1,1,0,0.5,0.03756646347075591,-0.0021555261074885034,0,0,-3.502431978929929,0.2009660445190204,1
67946a11-ea2e-41f7-93b4-12b314629d35,blue,Alistar,support,support,support,false,1,1,139,0,-0.0027,0.2079,Jarvan IV,false,69,69,false,"opp_synergy:0.639,1.12,-0.042 | counter_for:0.432,-0.44,0.025 | our_synergy:0.567,0.54,0.025","counter_for:0.000,-3.50,0.201 | our_synergy:0.609,0.96,0.044 | opp_synergy:0.639,1.12,-0.042",1,0.5,0.5,0.43242835595776774,-0.44084056584915554,0.025294990827858695,4,0,-3.502431978929929,0.2009660445190204,1
c35dd5bb-42dd-4115-8677-5e1b1a103dc6,blue,Ezreal,bot,bot,bot,false,1,1,141,0,0.0855,0.3421,Shen,false,116,116,false,"our_synergy:0.569,0.57,0.026 | our_meta_sum:0.044,-1.14,0.025 | counter_against:0.397,-0.79,0.024","counter_for:0.000,-3.50,0.201 | our_synergy:0.667,1.53,0.070 | our_meta_sum:0.018,-2.18,0.048",1,0.5,0.5,0.46684350132625996,-0.19718144385024436,0.011314074066683171,4,0,-3.502431978929929,0.2009660445190204,1
2a8865e3-b9a1-4aa7-aae6-1ceb01ab0577,red,Alistar,support,support,support,false,1,1,141,0,-0.0771,0.1479,Jarvan IV,false,115,115,false,"opp_meta_sum:0.038,-1.05,-0.073 | counter_for:0.623,0.91,-0.052 | our_synergy:0.584,0.71,0.033","counter_for:0.000,-3.50,0.201 | opp_meta_sum:0.038,-1.05,-0.073 | our_meta_sum:0.029,-1.73,0.038",1,0.5,0.5,0.6228632478632479,0.9074378755991295,-0.05206787786400245,3,0,-3.502431978929929,0.2009660445190204,1
1a1b96e8-4d57-463c-b169-e3d135def21d,blue,Smolder,bot,bot,bot,false,1,1,137,0,0.0184,0.2552,Draven,false,118,118,false,"counter_for:0.625,0.92,-0.053 | our_meta_sum:0.034,-1.52,0.033 | our_synergy:0.562,0.50,0.023","counter_for:0.000,-3.50,0.201 | our_meta_sum:0.029,-1.75,0.038 | opp_synergy:0.471,-0.40,0.015",1,1,0,0.625,0.9225660740709272,-0.05293591876411573,1,0,-3.502431978929929,0.2009660445190204,1
bb4cab00-0cbe-4ef1-9e95-5238527e8e1d,red,Zeri,bot,bot,bot,false,1,1,114,0,-0.2584,-0.057,Graves,false,68,68,false,"opp_synergy:0.766,2.28,-0.086 | counter_against:0.833,2.66,-0.081 | opp_meta_sum:0.045,-0.77,-0.054","counter_for:0.000,-3.50,0.201 | opp_synergy:0.766,2.28,-0.086 | counter_against:0.833,2.66,-0.081",1,0.5,0.5,0.5,0.03756646347075591,-0.0021555261074885034,2,0,-3.502431978929929,0.2009660445190204,1
de99adc2-a933-48cc-bd32-57f4eb74c4bb,blue,Braum,support,support,support,false,1,1,81,0,0.0516,0.2438,Viego,false,14,21,true,"our_synergy:0.667,1.53,0.070 | opp_synergy:0.667,1.37,-0.052 | opp_meta_sum:0.070,0.26,0.018","counter_for:0.000,-3.50,0.201 | our_synergy:0.667,1.53,0.070 | opp_synergy:0.667,1.37,-0.052",1,0.5,0.5,0.5,0.03756646347075591,-0.0021555261074885034,0,0,-3.502431978929929,0.2009660445190204,1
06d35dd4-8e2d-481c-a4d9-6b77929fb269,blue,Skarner,jungle,jungle,jungle,false,1,1,141,0,0.0167,0.1974,Volibear,false,22,22,false,"our_synergy:0.414,-0.96,-0.044 | counter_for:0.417,-0.55,0.032 | our_meta_sum:0.054,-0.72,0.016","counter_for:0.000,-3.50,0.201 | our_synergy:0.419,-0.91,-0.042 | our_meta_sum:0.044,-1.14,0.025",1,1,0,0.41666666666666663,-0.5524332769293585,0.03169806899692966,2,0,-3.502431978929929,0.2009660445190204,1
38c17d4b-4952-4db4-8eca-60630cef3152,red,Aphelios,bot,bot,bot,false,1,1,82,0,-0.0587,0.1173,Rakan,false,7,7,false,"opp_meta_sum:0.043,-0.83,-0.058 | opp_synergy:0.367,-1.35,0.051 | our_synergy:0.411,-0.99,-0.045","our_synergy:0.657,1.44,0.066 | counter_for:0.333,-1.14,0.066 | opp_meta_sum:0.043,-0.83,-0.058",1,1,0,0.5,0.03756646347075591,-0.0021555261074885034,0,0.3333333333333333,-1.1424330173294726,0.0655516641013478,1
74e4e672-baa7-4537-918b-06b786f668b4,red,Vi,jungle,jungle,jungle,false,1,1,61,0,0.0842,0.2445,Akali,false,6,6,false,"our_synergy:0.667,1.53,0.070 | opp_synergy:0.400,-1.05,0.039 | our_meta_sum:0.102,1.23,-0.027","our_synergy:1.000,4.81,0.221 | opp_synergy:0.400,-1.05,0.039 | our_meta_sum:0.091,0.79,-0.017",1,0.5,0.5,0.5,0.03756646347075591,-0.0021555261074885034,0,0.5,0.03756646347075591,-0.0021555261074885034,0
dd107692-996d-464f-a00f-952dad5c0a18,blue,Corki,bot,bot,mid,false,1,1,141,0,0.0273,0.2799,Cho'Gath,false,112,112,false,"opp_synergy:0.452,-0.57,0.022 | counter_for:0.443,-0.37,0.021 | our_synergy:0.487,-0.24,-0.011","counter_for:0.000,-3.50,0.201 | our_synergy:0.589,0.76,0.035 | our_meta_sum:0.041,-1.27,0.028",1,0.5,0.5,0.4425925925925926,-0.36887780213821164,0.021165839408888446,4,0,-3.502431978929929,0.2009660445190204,1
16c9f745-102c-460f-b78c-ab49f095027b,red,Nautilus,support,support,support,false,1,1,140,0,-0.1048,0.1209,Aphelios,false,37,37,false,"opp_meta_sum:0.039,-1.00,-0.070 | our_meta_sum:0.095,0.96,-0.021 | our_synergy:0.474,-0.37,-0.017","counter_for:0.000,-3.50,0.201 | opp_meta_sum:0.039,-1.00,-0.070 | opp_synergy:0.537,0.20,-0.007",1,0.5,0.5,0.4685185185185185,-0.18532232734706514,0.01063360982084725,3,0,-3.502431978929929,0.2009660445190204,1
fe57dbd6-20f5-47dc-a5af-935b07eed462,blue,Taliyah,mid,mid,mid,false,1,1,96,0,0.1261,0.3191,Viego,false,23,23,false,"opp_meta_sum:0.110,1.90,0.132 | opp_synergy:0.663,1.34,-0.051 | our_synergy:0.569,0.56,0.026","counter_for:0.000,-3.50,0.201 | opp_meta_sum:0.110,1.90,0.132 | opp_synergy:0.663,1.34,-0.051",1,1,0,0.4611111111111111,-0.23776674871596426,0.013642818274573313,3,0,-3.502431978929929,0.2009660445190204,1
56103869-abdd-43b0-828d-6cbb31f1e86e,blue,Galio,top,top,mid,false,1,1,130,0,0.1146,0.2984,Xayah,false,62,64,true,"counter_against:0.250,-1.95,0.059 | our_meta_sum:0.021,-2.04,0.045 | opp_synergy:0.486,-0.27,0.010","counter_for:0.125,-2.62,0.150 | counter_against:0.250,-1.95,0.059 | our_meta_sum:0.028,-1.75,0.038",1,0.5,0.5,0.5,0.03756646347075591,-0.0021555261074885034,0,0.125,-2.617432368329758,0.15018565186239316,2
0787178f-e4ec-4b82-a1fe-8ab212305a64,red,Brand,jungle,jungle,jungle,false,1,1,111,0,0.0996,0.3152,Rek'Sai,false,32,32,false,"opp_meta_sum:0.087,0.95,0.066 | opp_synergy:0.382,-1.21,0.046 | our_meta_sum:0.108,1.46,-0.032","counter_for:0.000,-3.50,0.201 | opp_meta_sum:0.087,0.95,0.066 | opp_synergy:0.382,-1.21,0.046",1,0.5,0.5,0.5,0.03756646347075591,-0.0021555261074885034,0,0,-3.502431978929929,0.2009660445190204,1
843d215e-e433-4d1b-9e5a-6c0d785a76d6,blue,Xayah,bot,bot,bot,false,1,1,141,0,0.0373,0.1673,Jayce,false,19,19,false,"opp_meta_sum:0.044,-0.81,-0.057 | our_synergy:0.575,0.63,0.029 | our_meta_sum:0.044,-1.14,0.025","counter_for:0.125,-2.62,0.150 | opp_meta_sum:0.044,-0.81,-0.057 | our_synergy:0.567,0.55,0.025",1,0.5,0.5,0.4638888888888889,-0.2181000907026268,0.012514365104426023,4,0.125,-2.617432368329758,0.15018565186239316,2
2f4a0bab-6fb1-4f45-a45b-9e0098ab2a6f,blue,Viktor,mid,mid,mid,false,1,1,142,0,-0.1426,0.1493,Yorick,false,123,123,false,"opp_meta_sum:0.028,-1.44,-0.100 | counter_for:0.614,0.84,-0.048 | our_meta_sum:0.039,-1.32,0.029","counter_for:0.000,-3.50,0.201 | opp_meta_sum:0.028,-1.44,-0.100 | our_meta_sum:0.035,-1.47,0.032",1,1,0,0.6136363636363636,0.8421115640163662,-0.048319519431695074,2,0,-3.502431978929929,0.2009660445190204,1
3468fe77-fed5-49a3-b4a1-10202545d132,red,Ryze,mid,mid,mid,false,1,1,141,0,-0.1009,0.2473,Pyke,false,136,136,false,"counter_for:0.875,2.69,-0.154 | opp_meta_sum:0.043,-0.85,-0.059 | opp_synergy:0.364,-1.37,0.052","counter_for:0.000,-3.50,0.201 | opp_meta_sum:0.043,-0.85,-0.059 | opp_synergy:0.364,-1.37,0.052",1,1,0,0.875,2.6925652952712698,-0.15449670407737018,2,0,-3.502431978929929,0.2009660445190204,1
7809e528-d698-47bb-a15b-285a2397f33d,red,Galio,support,support,mid,false,1,1,142,0,-0.1063,0.0691,Malphite,false,31,31,false,"opp_meta_sum:0.025,-1.55,-0.108 | opp_synergy:0.700,1.68,-0.063 | counter_against:0.399,-0.77,0.024","counter_for:0.000,-3.50,0.201 | opp_meta_sum:0.025,-1.55,-0.108 | opp_synergy:0.700,1.68,-0.063",1,1,0,0.4583333333333333,-0.2574334067293013,0.01477127144472058,2,0,-3.502431978929929,0.2009660445190204,1
f0663fb3-4785-43da-80d8-d98f0838ab49,blue,K'Sante,top,top,top,false,1,1,140,0,-0.088,0.1063,Wukong,false,51,51,false,"opp_meta_sum:0.030,-1.38,-0.096 | our_synergy:0.404,-1.06,-0.049 | opp_synergy:0.393,-1.11,0.042","counter_for:0.000,-3.50,0.201 | our_synergy:0.275,-2.33,-0.107 | opp_meta_sum:0.030,-1.38,-0.096",1,0.5,0.5,0.5635300372142478,0.48735892903894523,-0.027964167989325637,3,0,-3.502431978929929,0.2009660445190204,1
11fd5bad-8198-4493-9060-a573645bde8e,red,Leona,support,support,support,false,1,1,129,0,0.0129,0.189,Pyke,false,31,31,false,"counter_against:0.667,1.34,-0.041 | counter_for:0.426,-0.49,0.028 | our_meta_sum:0.052,-0.80,0.017","counter_for:0.000,-3.50,0.201 | counter_against:0.667,1.34,-0.041 | our_meta_sum:0.028,-1.79,0.039",1,1,0,0.4259259259259259,-0.4868777502182349,0.0279365584297721,3,0,-3.502431978929929,0.2009660445190204,1
3b8f917d-c117-4342-9d35-231b48d4c8c8,blue,Xin Zhao,jungle,jungle,jungle,false,1,1,145,0,-0.1052,0.1372,Hwei,false,143,143,false,"counter_for:0.733,1.69,-0.097 | opp_meta_sum:0.043,-0.82,-0.057 | our_synergy:0.563,0.51,0.023","counter_for:0.167,-2.32,0.133 | opp_meta_sum:0.043,-0.82,-0.057 | our_meta_sum:0.044,-1.11,0.024",1,0.5,0.5,0.7333333333333334,1.6895657365910761,-0.09694559239985935,2,0.16666666666666666,-2.3224324981297007,0.13325885431018408,2
38cb3991-cc06-4030-87ca-16bb8c052be9,blue,Aatrox,top,top,top,false,1,1,66,0,-0.0486,0.1546,Nami,false,65,65,false,"our_synergy:0.167,-3.39,-0.156 | opp_meta_sum:0.117,2.17,0.151 | counter_against:0.667,1.34,-0.041","counter_for:0.000,-3.50,0.201 | our_synergy:0.167,-3.39,-0.156 | opp_meta_sum:0.117,2.17,0.151",1,1,0,0.5,0.03756646347075591,-0.0021555261074885034,0,0,-3.502431978929929,0.2009660445190204,1
be65be26-9972-44d5-9372-094eb237ae17,red,Senna,bot,bot,bot,false,1,1,120,0,-0.0585,0.1268,Sivir,false,92,92,false,"opp_meta_sum:0.046,-0.72,-0.050 | counter_against:0.613,0.91,-0.028 | opp_synergy:0.467,-0.43,0.016","counter_for:0.000,-3.50,0.201 | opp_meta_sum:0.046,-0.72,-0.050 | counter_against:0.613,0.91,-0.028",1,1,0,0.5,0.03756646347075591,-0.0021555261074885034,0,0,-3.502431978929929,0.2009660445190204,1
0fe0d142-00a7-4c88-95f5-d25e5cc16854,blue,Leona,support,support,support,false,1,1,137,0,0.0645,0.1988,Lulu,false,30,30,false,"counter_for:0.402,-0.66,0.038 | opp_synergy:0.409,-0.97,0.037 | opp_meta_sum:0.051,-0.52,-0.036","counter_for:0.167,-2.32,0.133 | opp_synergy:0.409,-0.97,0.037 | opp_meta_sum:0.051,-0.52,-0.036",1,1,0,0.4020833333333333,-0.6556832314993786,0.037622448140202845,4,0.16666666666666666,-2.3224324981297007,0.13325885431018408,2
9b2779af-ba2a-4de1-8770-e753398225f8,blue,Ornn,top,top,top,false,1,1,140,0,0.0555,0.2519,Draven,false,78,78,false,"our_synergy:0.606,0.93,0.043 | counter_for:0.451,-0.31,0.018 | opp_meta_sum:0.059,-0.20,-0.014","counter_for:0.000,-3.50,0.201 | our_synergy:0.629,1.15,0.053 | opp_meta_sum:0.059,-0.20,-0.014",1,0.5,0.5,0.4509803921568627,-0.309492207352841,0.017758353365698663,3,0,-3.502431978929929,0.2009660445190204,1
048d26e9-3c4d-491e-a844-0f82fb6606cd,blue,Hwei,mid,mid,mid,false,1,1,141,0,-0.0827,0.2173,Annie,false,112,112,false,"opp_meta_sum:0.014,-2.02,-0.141 | our_meta_sum:0.032,-1.63,0.035 | our_synergy:0.579,0.66,0.030","counter_for:0.000,-3.50,0.201 | opp_meta_sum:0.014,-2.02,-0.141 | our_synergy:0.737,2.22,0.102",1,1,0,0.5555555555555556,0.4308996237374989,-0.02472458951043395,1,0,-3.502431978929929,0.2009660445190204,1
3050fa76-c1ce-4dd6-8947-4e46c4530635,blue,Corki,mid,mid,mid,false,1,1,141,0,-0.1154,0.154,Kalista,false,122,122,false,"opp_meta_sum:0.051,-0.53,-0.037 | our_synergy:0.433,-0.78,-0.036 | opp_synergy:0.571,0.50,-0.019","counter_for:0.000,-3.50,0.201 | opp_meta_sum:0.051,-0.53,-0.037 | opp_synergy:0.571,0.50,-0.019",1,0.5,0.5,0.503125,0.05969145373576051,-0.003425035923904202,4,0,-3.502431978929929,0.2009660445190204,1
53cf1ae8-6416-4f42-9002-d48abb524d92,blue,Brand,jungle,jungle,jungle,false,1,1,111,0,-0.0128,0.1306,Aurelion Sol,false,5,5,false,"our_synergy:0.685,1.71,0.078 | opp_meta_sum:0.037,-1.10,-0.077 | opp_synergy:0.600,0.77,-0.029","counter_for:0.000,-3.50,0.201 | opp_meta_sum:0.037,-1.10,-0.077 | opp_synergy:0.600,0.77,-0.029",1,0.5,0.5,0.5,0.03756646347075591,-0.0021555261074885034,0,0,-3.502431978929929,0.2009660445190204,1
74233b6a-d476-4656-ab3f-c2f05ea8aaaa,red,Xayah,bot,bot,bot,false,1,1,141,0,0.0547,0.2082,Draven,false,31,31,false,"our_meta_sum:0.050,-0.89,0.019 | our_synergy:0.554,0.42,0.019 | opp_meta_sum:0.069,0.23,0.016","counter_for:0.000,-3.50,0.201 | our_synergy:0.446,-0.64,-0.030 | our_meta_sum:0.044,-1.11,0.024",1,1,0,0.4861111111111111,-0.06076682659592983,0.0034867397432478578,3,0,-3.502431978929929,0.2009660445190204,1
8b0d2060-fc77-4d89-94ce-cbf992ad7c91,red,Hwei,mid,mid,mid,false,1,1,87,0,0.3841,0.3841,Hwei,true,1,1,false,"counter_for:0.000,-3.50,0.201 | our_synergy:0.728,2.13,0.098 | opp_synergy:0.310,-1.86,0.070","counter_for:0.000,-3.50,0.201 | our_synergy:0.728,2.13,0.098 | opp_synergy:0.310,-1.86,0.070",1,1,0,0,-3.502431978929929,0.2009660445190204,1,0,-3.502431978929929,0.2009660445190204,1
146ab3f8-c259-4027-96e2-36f7344ee102,red,Aatrox,top,top,top,false,1,1,146,0,-0.1551,-0.0595,Zyra,false,33,33,false,"opp_meta_sum:0.029,-1.41,-0.098 | counter_for:0.354,-0.99,0.057 | opp_synergy:0.661,1.32,-0.050","counter_for:0.250,-1.73,0.099 | opp_meta_sum:0.029,-1.41,-0.098 | opp_synergy:0.661,1.32,-0.050",1,1,0,0.35416666666666663,-0.9949330822294442,0.057088265325243276,2,0.25,-1.7324327577295866,0.09940525920576596,1
6bc86a1a-0cd7-405e-a86b-cc541c9eaab9,red,Sivir,bot,bot,bot,false,1,1,141,0,-0.0971,0.1912,Aphelios,false,67,67,false,"our_synergy:0.188,-3.19,-0.146 | our_meta_sum:0.035,-1.49,0.033 | counter_for:0.438,-0.40,0.023","counter_for:0.000,-3.50,0.201 | our_synergy:0.437,-0.73,-0.034 | our_meta_sum:0.037,-1.40,0.031",1,1,0,0.4375,-0.4049333418293297,0.02323467022082511,2,0,-3.502431978929929,0.2009660445190204,2
57a5f34f-46d5-40d7-80be-535fd25241c5,red,Ivern,jungle,jungle,jungle,false,1,1,124,0,0.1862,0.2203,Aphelios,false,6,6,false,"counter_for:0.000,-3.50,0.201 | opp_synergy:0.597,0.74,-0.028 | our_synergy:0.486,-0.26,-0.012","counter_for:0.000,-3.50,0.201 | opp_synergy:0.597,0.74,-0.028 | our_synergy:0.563,0.51,0.023",1,1,0,0,-3.502431978929929,0.2009660445190204,1,0,-3.502431978929929,0.2009660445190204,1
47fdc39e-e203-4d96-8de1-b10ddcda9cfb,blue,Rell,jungle,jungle,jungle,false,1,1,81,0,-0.0621,0.1273,Nocturne,false,66,66,false,"opp_meta_sum:0.087,0.93,0.065 | our_meta_sum:0.135,2.55,-0.056 | opp_synergy:0.653,1.25,-0.047","counter_for:0.000,-3.50,0.201 | our_synergy:0.334,-1.75,-0.080 | opp_meta_sum:0.087,0.93,0.065",1,1,0,0.5,0.03756646347075591,-0.0021555261074885034,0,0,-3.502431978929929,0.2009660445190204,1
85ad9b31-4a4a-4a22-87ce-bc38fc2ab329,red,Udyr,top,top,top,false,1,1,68,0,-0.0664,-0.0035,Jarvan IV,false,4,4,false,"our_synergy:0.182,-3.25,-0.149 | counter_for:0.333,-1.14,0.066 | opp_meta_sum:0.078,0.58,0.041","opp_meta_sum:0.078,0.58,0.041 | our_synergy:0.424,-0.86,-0.039 | our_meta_sum:0.080,0.32,-0.007",1,1,0,0.3333333333333333,-1.1424330173294726,0.0655516641013478,1,0.5,0.03756646347075591,-0.0021555261074885034,0
5adbafb7-de27-4c8c-9f8e-b8517fa5cb5d,red,Maokai,jungle,jungle,jungle,false,1,1,111,0,-0.0961,0.1044,Pyke,false,93,93,false,"opp_meta_sum:0.033,-1.26,-0.088 | counter_against:0.375,-0.96,0.029 | our_meta_sum:0.100,1.13,-0.025","counter_for:0.000,-3.50,0.201 | opp_meta_sum:0.033,-1.26,-0.088 | our_synergy:0.417,-0.93,-0.043",1,0.5,0.5,0.5,0.03756646347075591,-0.0021555261074885034,0,0,-3.502431978929929,0.2009660445190204,1
b495e43a-ad37-4386-a6de-d8c5827833bc,blue,Olaf,top,top,top,false,1,1,102,0,0.0822,0.3618,Ezreal,false,90,90,false,"opp_meta_sum:0.116,2.14,0.149 | counter_for:0.633,0.98,-0.056 | our_synergy:0.455,-0.56,-0.026","counter_for:0.000,-3.50,0.201 | opp_meta_sum:0.116,2.14,0.149 | our_meta_sum:0.054,-0.72,0.016",1,0.5,0.5,0.6333333333333333,0.9815660481109384,-0.05632127827455753,2,0,-3.502431978929929,0.2009660445190204,1
42f11b0b-9ea1-41f6-884d-858a24cac9bd,blue,Gnar,top,top,top,false,1,1,119,0,0.0178,0.2372,Pyke,false,84,84,false,"opp_meta_sum:0.085,0.85,0.059 | opp_synergy:0.594,0.71,-0.027 | counter_against:0.528,0.25,-0.007","counter_for:0.000,-3.50,0.201 | opp_meta_sum:0.085,0.85,0.059 | opp_synergy:0.594,0.71,-0.027",1,1,0,0.5055555555555555,0.07689977949743006,-0.004412432447783039,3,0,-3.502431978929929,0.2009660445190204,1
4ea13d24-252c-4ffa-80db-7df8f1ac944b,red,Ezreal,bot,bot,bot,false,1,1,138,0,-0.1051,0.1471,Karma,false,123,123,false,"opp_meta_sum:0.024,-1.61,-0.112 | counter_for:0.617,0.86,-0.050 | counter_against:0.312,-1.46,0.044","counter_for:0.000,-3.50,0.201 | opp_meta_sum:0.024,-1.61,-0.112 | counter_against:0.312,-1.46,0.044",1,0.5,0.5,0.6166666666666667,0.8635661000309159,-0.04955055925367392,2,0,-3.502431978929929,0.2009660445190204,1
5d676021-6c9f-401a-b759-8f53a75b3036,blue,Varus,bot,bot,bot,false,1,1,140,0,-0.0611,0.1398,Karthus,false,24,24,false,"opp_meta_sum:0.027,-1.51,-0.105 | counter_for:0.391,-0.73,0.042 | opp_synergy:0.473,-0.38,0.014","counter_for:0.000,-3.50,0.201 | opp_meta_sum:0.027,-1.51,-0.105 | our_synergy:0.576,0.63,0.029",1,0.5,0.5,0.3909090909090909,-0.7347968330530302,0.04216190748374982,2,0,-3.502431978929929,0.2009660445190204,1
b322e8e8-ad8c-46f9-afc1-ab97930d5e03,blue,Jax,top,top,top,false,1,1,132,0,-0.016,0.2657,Pyke,false,118,118,false,"opp_meta_sum:0.104,1.65,0.115 | our_synergy:0.380,-1.29,-0.059 | counter_against:0.635,1.09,-0.033","counter_for:0.000,-3.50,0.201 | opp_meta_sum:0.104,1.65,0.115 | counter_against:0.635,1.09,-0.033",1,0.5,0.5,0.5267094017094017,0.22666894436822851,-0.013006037358904583,4,0,-3.502431978929929,0.2009660445190204,1
166e9819-af7c-485c-b196-5eef45dc4dc8,blue,Rek'Sai,top,top,top,false,1,1,102,0,0.0316,0.2001,Ezreal,false,66,68,true,"opp_meta_sum:0.088,1.00,0.069 | opp_synergy:0.635,1.09,-0.041 | our_synergy:0.533,0.21,0.010","counter_for:0.000,-3.50,0.201 | opp_meta_sum:0.088,1.00,0.069 | opp_synergy:0.635,1.09,-0.041",1,0.5,0.5,0.5,0.03756646347075591,-0.0021555261074885034,0,0,-3.502431978929929,0.2009660445190204,1
5104ab30-6620-495d-a0bb-0711caf12ac7,blue,Ahri,mid,mid,mid,false,1,1,140,0,0.0891,0.4054,Annie,false,131,131,false,"our_synergy:0.658,1.44,0.066 | counter_for:0.619,0.88,-0.051 | opp_meta_sum:0.079,0.63,0.044","counter_for:0.000,-3.50,0.201 | our_synergy:0.780,2.65,0.121 | opp_meta_sum:0.079,0.63,0.044",1,1,0,0.6193452380952381,0.8825303774009196,-0.05063871052488736,4,0,-3.502431978929929,0.2009660445190204,1
831bf95d-6344-41fb-9961-6d3ccac0a23f,red,Jinx,bot,bot,bot,false,1,1,134,0,0.158,0.3192,Aphelios,false,10,10,false,"opp_synergy:0.359,-1.42,0.054 | counter_against:0.292,-1.62,0.049 | counter_for:0.375,-0.85,0.049","counter_for:0.000,-3.50,0.201 | opp_synergy:0.359,-1.42,0.054 | counter_against:0.292,-1.62,0.049",1,1,0,0.375,-0.8474331471294154,0.04862486654913873,2,0,-3.502431978929929,0.2009660445190204,1
15a586bd-9a26-4e16-a7bc-b7afe000a4a2,red,Sion,top,top,top,false,1,1,146,0,-0.0999,0.0978,Trundle,false,101,101,false,"opp_meta_sum:0.020,-1.79,-0.125 | opp_synergy:0.313,-1.84,0.069 | counter_against:0.608,0.88,-0.027","counter_for:0.000,-3.50,0.201 | opp_meta_sum:0.020,-1.79,-0.125 | opp_synergy:0.313,-1.84,0.069",1,0.5,0.5,0.4875,-0.050933497589261294,0.0029225131581742236,2,0,-3.502431978929929,0.2009660445190204,1
6d4ea1d4-15a5-4c35-bc4e-50b8a0db7921,blue,Caitlyn,bot,bot,bot,false,1,1,142,0,-0.047,0.1718,Annie,false,21,21,false,"opp_meta_sum:0.043,-0.84,-0.059 | our_synergy:0.618,1.05,0.048 | counter_against:0.584,0.69,-0.021","counter_for:0.000,-3.50,0.201 | opp_meta_sum:0.043,-0.84,-0.059 | our_synergy:0.616,1.03,0.047",1,0.5,0.5,0.5416666666666666,0.33256633367081273,-0.019082323659697562,2,0,-3.502431978929929,0.2009660445190204,1
dc84ee4b-af9f-439d-b630-c1b79c92c33a,blue,Alistar,support,support,support,false,1,1,137,0,0.0871,0.2561,Graves,false,34,34,false,"opp_meta_sum:0.077,0.54,0.038 | our_synergy:0.563,0.51,0.023 | our_meta_sum:0.055,-0.68,0.015","counter_for:0.000,-3.50,0.201 | opp_meta_sum:0.077,0.54,0.038 | our_meta_sum:0.038,-1.37,0.030",1,0.5,0.5,0.47088068181818177,-0.16859821854405707,0.00967399718183945,4,0,-3.502431978929929,0.2009660445190204,1
7c8ac838-da10-438a-a45a-4b9faaf5f078,red,Jinx,bot,bot,bot,false,1,1,100,0,0.0183,0.2672,Zac,false,27,27,false,"opp_synergy:0.321,-1.77,0.067 | our_synergy:0.410,-1.00,-0.046 | counter_against:0.417,-0.63,0.019","counter_for:0.000,-3.50,0.201 | opp_synergy:0.321,-1.77,0.067 | counter_against:0.417,-0.63,0.019",1,1,0,0.5,0.03756646347075591,-0.0021555261074885034,0,0,-3.502431978929929,0.2009660445190204,1
18cb78ca-5b4a-4f78-bfa9-c51163275359,blue,K'Sante,top,top,top,false,1,1,115,0,0.0429,0.2703,Annie,false,84,84,false,"opp_synergy:0.425,-0.82,0.031 | counter_against:0.415,-0.64,0.020 | our_meta_sum:0.089,0.69,-0.015","counter_for:0.000,-3.50,0.201 | opp_synergy:0.425,-0.82,0.031 | our_meta_sum:0.048,-0.96,0.021",1,0.5,0.5,0.49134199134199136,-0.02373221085652857,0.0013617305267367528,3,0,-3.502431978929929,0.2009660445190204,1
597ce8ee-63ac-4b01-b1fb-1dd2f3f6a837,red,Hwei,mid,mid,mid,false,1,1,141,0,-0.0211,0.2098,Pyke,false,100,100,false,"opp_meta_sum:0.044,-0.82,-0.057 | counter_for:0.413,-0.58,0.033 | our_meta_sum:0.037,-1.43,0.031","counter_for:0.000,-3.50,0.201 | opp_meta_sum:0.044,-0.82,-0.057 | our_synergy:0.634,1.20,0.055",1,0.5,0.5,0.4132996632996633,-0.576271650278858,0.03306589102135059,3,0,-3.502431978929929,0.2009660445190204,1
b72ad99c-3847-46cc-ab4b-4f7b75b0eb0b,red,Ryze,mid,mid,mid,false,1,1,141,0,0.0721,0.1675,Nocturne,false,26,26,false,"our_synergy:0.579,0.67,0.031 | counter_against:0.388,-0.86,0.026 | our_meta_sum:0.055,-0.69,0.015","counter_for:0.148,-2.45,0.141 | counter_against:0.388,-0.86,0.026 | our_meta_sum:0.054,-0.72,0.016",1,0.5,0.5,0.4714285714285715,-0.16471916180928292,0.009451420785454844,3,0.14814814814814814,-2.4535435515519484,0.14078187544449924,3
af01a2d0-09f0-4741-bb2a-11a83562cf41,blue,Senna,bot,bot,bot,false,1,1,145,0,-0.0588,0.0328,Garen,false,34,34,false,"counter_for:0.667,1.22,-0.070 | opp_meta_sum:0.042,-0.86,-0.060 | our_synergy:0.611,0.98,0.045","counter_for:0.333,-1.14,0.066 | opp_meta_sum:0.042,-0.86,-0.060 | our_meta_sum:0.045,-1.07,0.023",1,1,0,0.6666666666666666,1.217565944270984,-0.06986271631632479,1,0.3333333333333333,-1.1424330173294726,0.0655516641013478,1
71493564-c91a-4bfa-802d-9415f5f19659,red,Gwen,top,top,top,false,1,1,141,0,-0.0591,0.1581,Blitzcrank,false,36,36,false,"opp_meta_sum:0.036,-1.12,-0.078 | our_meta_sum:0.050,-0.86,0.019 | opp_synergy:0.493,-0.20,0.008","counter_for:0.000,-3.50,0.201 | opp_meta_sum:0.036,-1.12,-0.078 | our_meta_sum:0.046,-1.05,0.023",1,1,0,0.5,0.03756646347075591,-0.0021555261074885034,2,0,-3.502431978929929,0.2009660445190204,1
536f45d2-9c2f-4241-8ad3-9be165dbe307,red,Kai'Sa,bot,bot,bot,false,1,1,144,0,-0.1052,0.1501,Vladimir,false,136,136,false,"counter_for:0.670,1.24,-0.071 | opp_meta_sum:0.051,-0.51,-0.036 | our_synergy:0.460,-0.51,-0.023","counter_for:0.000,-3.50,0.201 | our_synergy:0.387,-1.22,-0.056 | opp_meta_sum:0.051,-0.51,-0.036",1,0.5,0.5,0.6697860962566844,1.239651496050667,-0.07112996319189123,2,0,-3.502431978929929,0.2009660445190204,1
a60ec417-7084-4de1-9140-8189c81a7708,red,Jhin,bot,bot,bot,false,1,1,110,0,0.1492,0.2443,Annie,false,70,70,false,"opp_synergy:0.000,-4.67,0.177 | opp_meta_sum:0.017,-1.88,-0.131 | counter_against:0.250,-1.95,0.059","opp_synergy:0.000,-4.67,0.177 | opp_meta_sum:0.017,-1.88,-0.131 | our_synergy:0.792,2.76,0.127",1,0.5,0.5,0.5,0.03756646347075591,-0.0021555261074885034,0,0.5,0.03756646347075591,-0.0021555261074885034,0
98d3bb9f-340a-47cf-96dd-1427bac19d36,red,Rell,support,support,support,false,1,1,141,0,0.0384,0.2754,Pyke,false,96,96,false,"our_synergy:0.657,1.44,0.066 | opp_meta_sum:0.043,-0.86,-0.060 | opp_synergy:0.472,-0.39,0.015","counter_for:0.000,-3.50,0.201 | our_synergy:0.694,1.80,0.083 | opp_meta_sum:0.043,-0.86,-0.060",1,1,0,0.4700996677740864,-0.17412779554323837,0.009991278780475475,2,0,-3.502431978929929,0.2009660445190204,1
ebb4744b-cacc-47df-958c-f4158398e343,red,Elise,support,support,support,false,1,1,137,0,-0.1316,0.173,Shyvana,false,132,132,false,"counter_for:0.667,1.22,-0.070 | our_synergy:0.399,-1.11,-0.051 | opp_meta_sum:0.054,-0.38,-0.026","counter_for:0.000,-3.50,0.201 | opp_meta_sum:0.054,-0.38,-0.026 | our_meta_sum:0.048,-0.97,0.021",1,0.5,0.5,0.6666666666666666,1.217565944270984,-0.06986271631632479,1,0,-3.502431978929929,0.2009660445190204,1
14d8864a-9e9d-4636-9c40-b4ca3e08e265,red,Ornn,top,top,top,false,1,1,136,0,0.0532,0.1443,Karma,false,7,7,false,"opp_meta_sum:0.047,-0.66,-0.046 | our_synergy:0.607,0.94,0.043 | counter_for:0.417,-0.55,0.032","counter_for:0.000,-3.50,0.201 | opp_meta_sum:0.047,-0.66,-0.046 | our_synergy:0.433,-0.78,-0.036",1,1,0,0.41666666666666663,-0.5524332769293585,0.03169806899692966,2,0,-3.502431978929929,0.2009660445190204,1
ed728673-3f4b-42f5-b440-a25627b898cf,blue,Zeri,mid,mid,bot,false,1,1,136,0,0.1574,0.379,Shyvana,false,91,91,false,"opp_meta_sum:0.087,0.94,0.065 | our_synergy:0.618,1.05,0.048 | opp_synergy:0.461,-0.49,0.019","counter_for:0.000,-3.50,0.201 | opp_meta_sum:0.087,0.94,0.065 | our_synergy:0.647,1.33,0.061",1,0.5,0.5,0.4627166311948921,-0.22639967152430868,0.012990586752393308,4,0,-3.502431978929929,0.2009660445190204,1
e7d03acb-a3ec-45e5-884f-3ce1023dc3f8,blue,Kai'Sa,bot,bot,bot,false,1,1,121,0,0.0756,0.3167,Sivir,false,95,95,false,"opp_meta_sum:0.092,1.16,0.081 | opp_synergy:0.446,-0.63,0.024 | counter_for:0.538,0.30,-0.017","counter_for:0.000,-3.50,0.201 | opp_meta_sum:0.092,1.16,0.081 | opp_synergy:0.446,-0.63,0.024",1,1,0,0.5377289377289377,0.30468722505849977,-0.01748264828663166,3,0,-3.502431978929929,0.2009660445190204,1
53131e3d-72bd-48e5-a4b6-930b7d2c6237,blue,Thresh,support,support,support,false,1,1,95,0,0.0668,0.3588,Kai'Sa,false,26,38,true,"opp_meta_sum:0.092,1.14,0.079 | our_synergy:0.375,-1.34,-0.062 | counter_against:0.356,-1.12,0.034","counter_for:0.000,-3.50,0.201 | opp_meta_sum:0.092,1.14,0.079 | counter_against:0.356,-1.12,0.034",1,0.5,0.5,0.5,0.03756646347075591,-0.0021555261074885034,0,0,-3.502431978929929,0.2009660445190204,1
b7175ef2-372f-4477-82a1-b51c63f8ba53,red,Jhin,bot,bot,bot,false,1,1,142,0,0.0636,0.2843,Bel'Veth,false,90,90,false,"our_synergy:0.600,0.87,0.040 | opp_synergy:0.592,0.70,-0.026 | our_meta_sum:0.050,-0.89,0.019","counter_for:0.000,-3.50,0.201 | our_synergy:0.630,1.17,0.054 | our_meta_sum:0.037,-1.39,0.030",1,0.5,0.5,0.48219512195121955,-0.08849201764887796,0.005077583480674969,3,0,-3.502431978929929,0.2009660445190204,1
72ac780e-5729-43a4-a014-e0bff169a255,red,Rell,support,support,support,false,1,1,116,0,0.0817,0.3553,Graves,false,95,95,false,"counter_for:0.343,-1.07,0.062 | opp_meta_sum:0.046,-0.71,-0.050 | counter_against:0.347,-1.18,0.036","counter_for:0.000,-3.50,0.201 | our_synergy:0.808,2.92,0.134 | opp_meta_sum:0.046,-0.71,-0.050",1,0.5,0.5,0.34326018808777425,-1.072150916592155,0.061518947443141264,2,0,-3.502431978929929,0.2009660445190204,1
23db366d-573d-4f3b-8fe2-3082b36f2ce1,blue,Corki,bot,bot,mid,false,1,1,144,0,0.1267,0.2913,Seraphine,false,18,18,false,"counter_for:0.339,-1.10,0.063 | our_synergy:0.592,0.79,0.036 | opp_meta_sum:0.069,0.20,0.014","counter_for:0.000,-3.50,0.201 | our_synergy:0.595,0.83,0.038 | our_meta_sum:0.031,-1.66,0.036",1,1,0,0.3387373737373737,-1.1041724281035257,0.0633563097521522,4,0,-3.502431978929929,0.2009660445190204,1
fdcd19c8-8f40-41ce-8817-340cf4d083e5,red,Jhin,bot,bot,bot,false,1,1,138,0,-0.0533,0.1119,Karma,false,26,26,false,"opp_meta_sum:0.039,-0.99,-0.069 | counter_for:0.367,-0.91,0.052 | opp_synergy:0.632,1.06,-0.040","counter_for:0.000,-3.50,0.201 | opp_meta_sum:0.039,-0.99,-0.069 | opp_synergy:0.632,1.06,-0.040",1,0.5,0.5,0.3666666666666667,-0.9064331211694265,0.05201022605958053,2,0,-3.502431978929929,0.2009660445190204,2
51f8cb4a-18a2-4ad5-918a-de0645ca4897,red,Aphelios,bot,bot,bot,false,1,1,144,0,0.0431,0.2379,Cassiopeia,false,29,29,false,"counter_for:0.250,-1.73,0.099 | our_synergy:0.303,-2.05,-0.094 | our_meta_sum:0.042,-1.23,0.027","counter_for:0.250,-1.73,0.099 | our_synergy:0.729,2.14,0.098 | our_meta_sum:0.039,-1.32,0.029",1,0.5,0.5,0.25,-1.7324327577295866,0.09940525920576596,1,0.25,-1.7324327577295866,0.09940525920576596,1
d5deff3e-1df5-4391-a8db-6decc1c1e415,blue,Rell,support,support,support,false,1,1,145,0,-0.0407,0.0633,Jinx,false,97,97,false,"opp_meta_sum:0.040,-0.97,-0.068 | counter_for:0.424,-0.50,0.029 | our_meta_sum:0.087,0.60,-0.013","counter_for:0.222,-1.93,0.111 | opp_meta_sum:0.040,-0.97,-0.068 | our_meta_sum:0.060,-0.48,0.010",1,1,0,0.4240777338603426,-0.49996294428507915,0.028687373780133557,4,0.2222222222222222,-1.9290993378629582,0.11068979090723867,3
e8116ab9-cb47-4e78-a3c8-99bccc9365e5,red,Smolder,mid,mid,bot,false,1,1,138,0,-0.008,0.2203,Lulu,false,95,95,false,"opp_meta_sum:0.072,0.35,0.025 | counter_for:0.444,-0.36,0.020 | our_meta_sum:0.093,0.87,-0.019","counter_for:0.000,-3.50,0.201 | our_synergy:0.586,0.74,0.034 | opp_meta_sum:0.072,0.35,0.025",1,0.5,0.5,0.4444444444444444,-0.35576669679598705,0.02041353729545694,3,0,-3.502431978929929,0.2009660445190204,2
24efc264-7128-4ca4-8f33-5caf5d8624e2,blue,Xayah,bot,bot,bot,false,1,1,141,0,-0.084,0.1254,Cho'Gath,false,99,99,false,"counter_against:0.732,1.86,-0.056 | opp_meta_sum:0.050,-0.54,-0.038 | counter_for:0.560,0.46,-0.026","counter_for:0.000,-3.50,0.201 | counter_against:0.732,1.86,-0.056 | opp_meta_sum:0.050,-0.54,-0.038",1,0.5,0.5,0.5595238095238094,0.45899484947083674,-0.02633666546778714,3,0,-3.502431978929929,0.2009660445190204,1
c2013f82-e1cc-4499-b8ef-f1505b21ae4d,red,Rell,support,support,support,false,1,1,141,0,-0.0998,0.0705,Ziggs,false,119,119,false,"opp_meta_sum:0.038,-1.04,-0.073 | counter_for:0.572,0.55,-0.032 | opp_synergy:0.424,-0.83,0.031","counter_for:0.194,-2.13,0.122 | opp_meta_sum:0.038,-1.04,-0.073 | opp_synergy:0.424,-0.83,0.031",1,0.5,0.5,0.5723969013442697,0.5501362994574573,-0.031566270726569444,3,0.19444444444444442,-2.1257659179963295,0.1219743226087114,2
46f4e0ce-f214-4ab6-b39a-d3d3b6183fb3,blue,Bard,support,support,support,false,1,1,145,0,0.0403,0.1853,Zed,false,105,105,false,"opp_meta_sum:0.051,-0.52,-0.037 | our_meta_sum:0.043,-1.15,0.025 | counter_against:0.413,-0.67,0.020","counter_for:0.286,-1.48,0.085 | our_synergy:0.673,1.59,0.073 | opp_meta_sum:0.051,-0.52,-0.037",1,0.5,0.5,0.4791666666666666,-0.10993347162927329,0.006307872668616072,3,0.2857142857142857,-1.479575726129538,0.08489657558958676,2
814d3a5b-4ac6-4476-a399-afc8abfd5495,red,Xayah,bot,bot,bot,false,1,1,142,0,-0.4491,-0.2352,Nami,false,139,139,false,"opp_meta_sum:0.014,-2.02,-0.141 | counter_against:1.000,3.98,-0.121 | opp_synergy:0.771,2.32,-0.088","opp_meta_sum:0.014,-2.02,-0.141 | counter_against:1.000,3.98,-0.121 | opp_synergy:0.771,2.32,-0.088",1,1,0,0.7,1.4535658404310297,-0.08340415435809205,2,0.2857142857142857,-1.479575726129538,0.08489657558958676,1
1fae7da1-4d0a-41cc-84c0-84b49e58a960,red,Yorick,top,top,top,false,1,1,144,0,-0.0637,0.2283,Seraphine,false,124,124,false,"opp_meta_sum:0.038,-1.03,-0.072 | counter_for:0.667,1.22,-0.070 | our_meta_sum:0.045,-1.10,0.024","counter_for:0.000,-3.50,0.201 | opp_meta_sum:0.038,-1.03,-0.072 | our_synergy:0.599,0.86,0.039",1,0.5,0.5,0.6666666666666666,1.217565944270984,-0.06986271631632479,2,0,-3.502431978929929,0.2009660445190204,1
38a94a72-0daf-45da-99cc-fc8eff9f19a1,red,Varus,bot,bot,bot,false,1,1,141,0,-0.0377,0.0952,Braum,false,105,105,false,"opp_meta_sum:0.030,-1.37,-0.095 | our_synergy:0.691,1.76,0.081 | counter_against:0.750,2.00,-0.061","counter_for:0.172,-2.29,0.131 | opp_meta_sum:0.030,-1.37,-0.095 | our_synergy:0.665,1.51,0.069",1,1,0,0.5,0.03756646347075591,-0.0021555261074885034,2,0.1715686274509804,-2.287726631047341,0.13126746636286538,2
c0732d0b-2655-4281-b201-a7de03f2e83c,red,Poppy,support,support,jungle,false,1,1,141,0,-0.0731,0.041,Milio,false,37,37,false,"opp_meta_sum:0.049,-0.58,-0.040 | our_synergy:0.456,-0.54,-0.025 | counter_for:0.550,0.39,-0.022","counter_for:0.200,-2.09,0.120 | our_synergy:0.375,-1.34,-0.062 | opp_meta_sum:0.049,-0.58,-0.040",1,1,0,0.55,0.39156630771082473,-0.02246768317013941,2,0.2,-2.0864326019696553,0.11971741626841685,1
55a7a6e9-b591-4603-8244-60bd2ff10e6b,red,Alistar,support,support,support,false,1,1,140,0,0.0008,0.2268,Karthus,false,112,112,false,"our_synergy:0.573,0.61,0.028 | opp_meta_sum:0.056,-0.31,-0.021 | counter_for:0.511,0.12,-0.007","counter_for:0.000,-3.50,0.201 | our_synergy:0.583,0.70,0.032 | opp_meta_sum:0.056,-0.31,-0.021",1,0.5,0.5,0.5113636363636364,0.11802097352531686,-0.006771925439909156,3,0,-3.502431978929929,0.2009660445190204,1
8552d15b-75c8-4ac7-a347-4d39c04d549a,red,Rakan,support,support,support,false,1,1,143,0,-0.086,0.1234,Pyke,false,108,108,false,"opp_meta_sum:0.036,-1.13,-0.079 | our_synergy:0.455,-0.56,-0.025 | counter_for:0.541,0.33,-0.019","counter_for:0.000,-3.50,0.201 | opp_meta_sum:0.036,-1.13,-0.079 | our_synergy:0.390,-1.19,-0.055",1,1,0,0.5413359788359788,0.33022506485970143,-0.01894798399658481,3,0,-3.502431978929929,0.2009660445190204,1
0319b5ed-2fe7-41fe-b48f-721f82fb1cdd,blue,Tahm Kench,support,support,support,false,1,1,110,0,0.0559,0.1702,Orianna,false,24,24,false,"opp_meta_sum:0.078,0.60,0.042 | counter_for:0.455,-0.28,0.016 | our_meta_sum:0.085,0.55,-0.012","counter_for:0.200,-2.09,0.120 | opp_meta_sum:0.078,0.60,0.042 | our_synergy:0.574,0.62,0.028",1,0.5,0.5,0.45454545454545453,-0.2842515767474883,0.01631007122219413,1,0.2,-2.0864326019696553,0.11971741626841685,1
5472c547-c0bb-414a-af74-58afcf742dc3,red,K'Sante,top,top,top,false,1,1,73,0,0,0.1611,Nami,false,68,68,false,"counter_for:0.750,1.81,-0.104 | opp_meta_sum:0.100,1.48,0.103 | counter_against:0.167,-2.61,0.079","opp_meta_sum:0.100,1.48,0.103 | counter_against:0.167,-2.61,0.079 | opp_synergy:0.714,1.81,-0.068",1,1,0,0.75,1.8075656846710986,-0.10371631142074296,2,0.3333333333333333,-1.1424330173294726,0.0655516641013478,1
b297755f-3adb-4c1d-81e3-c2160c8fbf8a,red,Akali,mid,mid,mid,false,1,1,134,0,-0.1717,0.1359,Sivir,false,119,119,false,"counter_for:0.750,1.81,-0.104 | opp_meta_sum:0.037,-1.06,-0.074 | our_meta_sum:0.021,-2.05,0.045","counter_for:0.000,-3.50,0.201 | opp_meta_sum:0.037,-1.06,-0.074 | our_meta_sum:0.018,-2.18,0.048",1,0.5,0.5,0.75,1.8075656846710986,-0.10371631142074296,1,0,-3.502431978929929,0.2009660445190204,2
1c1433da-bf0e-438a-8834-3ab0c0a6eeb7,red,Yunara,bot,bot,bot,false,1,1,146,0,-0.0015,0.1999,Shyvana,false,43,43,false,"opp_meta_sum:0.037,-1.09,-0.076 | opp_synergy:0.346,-1.54,0.058 | our_meta_sum:0.045,-1.09,0.024","counter_for:0.000,-3.50,0.201 | opp_meta_sum:0.037,-1.09,-0.076 | opp_synergy:0.346,-1.54,0.058",1,0.5,0.5,0.5,0.03756646347075591,-0.0021555261074885034,0,0,-3.502431978929929,0.2009660445190204,1
a0ea3b15-e85e-4eb2-a943-ab5388340d30,red,Nautilus,support,support,support,false,1,1,128,0,0.0084,0.2325,Annie,false,89,89,false,"counter_for:0.357,-0.97,0.056 | opp_synergy:0.641,1.14,-0.043 | our_synergy:0.566,0.54,0.025","counter_for:0.000,-3.50,0.201 | our_synergy:0.683,1.68,0.077 | opp_synergy:0.641,1.14,-0.043",1,1,0,0.35714285714285715,-0.9738616629294398,0.05587920835722832,3,0,-3.502431978929929,0.2009660445190204,1
b68dddd1-cb5a-4f24-a8e7-41513fa2206c,red,Corki,bot,bot,mid,false,1,1,146,0,0.0758,0.3243,Vladimir,false,114,114,false,"our_synergy:0.614,1.01,0.047 | opp_meta_sum:0.051,-0.52,-0.036 | counter_for:0.412,-0.58,0.034","counter_for:0.000,-3.50,0.201 | our_synergy:0.736,2.21,0.101 | our_meta_sum:0.027,-1.82,0.040",1,0.5,0.5,0.4121794871794872,-0.5842024937201334,0.03352095488716754,3,0,-3.502431978929929,0.2009660445190204,1
1432363f-7c37-4a94-bab8-c09903f6320c,blue,Alistar,support,support,support,false,1,1,132,0,0.1994,0.3863,Draven,false,32,32,false,"opp_meta_sum:0.103,1.59,0.111 | opp_synergy:0.412,-0.93,0.035 | our_meta_sum:0.045,-1.08,0.024","counter_for:0.000,-3.50,0.201 | opp_meta_sum:0.103,1.59,0.111 | our_meta_sum:0.029,-1.71,0.037",1,0.5,0.5,0.5034722222222222,0.06214978598742725,-0.0035660925701725883,3,0,-3.502431978929929,0.2009660445190204,1
ce42c9b6-ce61-4871-bf9a-99fd2cb13b93,blue,Renekton,top,top,top,false,1,1,141,0,0.0092,0.1694,Volibear,false,27,27,false,"our_synergy:0.564,0.52,0.024 | counter_for:0.444,-0.36,0.020 | opp_meta_sum:0.058,-0.24,-0.017","counter_for:0.000,-3.50,0.201 | our_meta_sum:0.049,-0.92,0.020 | opp_meta_sum:0.058,-0.24,-0.017",1,0.5,0.5,0.4444444444444444,-0.35576669679598705,0.02041353729545694,4,0,-3.502431978929929,0.2009660445190204,1
be05ed1b-01d4-46f2-910d-21d16f55fb45,red,Renekton,top,top,top,false,1,1,131,0,-0.1836,0.0875,Nocturne,false,123,123,false,"opp_meta_sum:0.027,-1.47,-0.103 | counter_for:0.667,1.22,-0.070 | our_meta_sum:0.123,2.06,-0.045","counter_for:0.000,-3.50,0.201 | opp_meta_sum:0.027,-1.47,-0.103 | opp_synergy:0.417,-0.89,0.034",1,1,0,0.6666666666666666,1.217565944270984,-0.06986271631632479,1,0,-3.502431978929929,0.2009660445190204,1
8fd0f781-2f52-460a-8cb3-5e71344d51e7,red,Lucian,bot,bot,mid,false,1,1,141,0,-0.1533,0.042,Karthus,false,42,42,false,"counter_against:0.747,1.98,-0.060 | opp_meta_sum:0.046,-0.73,-0.051 | our_synergy:0.436,-0.74,-0.034","counter_for:0.000,-3.50,0.201 | counter_against:0.747,1.98,-0.060 | opp_meta_sum:0.046,-0.73,-0.051",1,0.5,0.5,0.5,0.03756646347075591,-0.0021555261074885034,1,0,-3.502431978929929,0.2009660445190204,1
bf32c302-d0f4-43ab-a8f2-8fa6b827fdea,blue,Miss Fortune,bot,bot,bot,false,1,1,140,0,-0.149,0.1495,Malphite,false,135,135,false,"counter_for:0.690,1.38,-0.079 | opp_meta_sum:0.042,-0.90,-0.063 | our_synergy:0.441,-0.70,-0.032","counter_for:0.000,-3.50,0.201 | opp_meta_sum:0.042,-0.90,-0.063 | our_synergy:0.451,-0.60,-0.027",1,1,0,0.68997668997669,1.382600836690597,-0.07933225340846976,3,0,-3.502431978929929,0.2009660445190204,1
67b9aed8-fa2f-4d36-8d06-c22a774aef63,blue,Ezreal,bot,bot,bot,false,1,1,109,0,-0.1466,0.0519,Jayce,false,80,80,false,"counter_against:1.000,3.98,-0.121 | opp_meta_sum:0.055,-0.34,-0.024 | our_meta_sum:0.052,-0.79,0.017","counter_for:0.000,-3.50,0.201 | counter_against:1.000,3.98,-0.121 | opp_meta_sum:0.055,-0.34,-0.024",1,0.5,0.5,0.5,0.03756646347075591,-0.0021555261074885034,0,0,-3.502431978929929,0.2009660445190204,1
97c76baf-f9fc-4077-ac07-9ff3df783b23,blue,Xayah,bot,bot,bot,false,1,1,141,0,0.0962,0.3515,Graves,false,104,104,false,"our_synergy:0.638,1.25,0.057 | our_meta_sum:0.027,-1.82,0.040 | counter_for:0.569,0.53,-0.030","counter_for:0.000,-3.50,0.201 | our_synergy:0.675,1.61,0.074 | our_meta_sum:0.018,-2.16,0.047",1,0.5,0.5,0.5691391941391941,0.5270717425939274,-0.03024284951829696,4,0,-3.502431978929929,0.2009660445190204,1
a1c5bcbd-db58-460f-8e57-4cd42654bec8,blue,Nautilus,support,support,support,false,1,1,127,0,-0.0349,0.1885,Lulu,false,112,112,false,"opp_meta_sum:0.042,-0.88,-0.061 | opp_synergy:0.444,-0.64,0.024 | counter_against:0.421,-0.60,0.018","counter_for:0.000,-3.50,0.201 | opp_meta_sum:0.042,-0.88,-0.061 | opp_synergy:0.444,-0.64,0.024",1,1,0,0.5238095238095238,0.20613781787078872,-0.011827981851607985,1,0,-3.502431978929929,0.2009660445190204,1
58962ff9-20fb-42ba-b962-ae7ab7280bec,blue,Ziggs,mid,mid,bot,false,1,1,140,0,0.0512,0.2038,Cho'Gath,false,32,32,false,"opp_meta_sum:0.085,0.88,0.061 | counter_for:0.596,0.72,-0.041 | our_meta_sum:0.034,-1.54,0.034","counter_for:0.000,-3.50,0.201 | our_synergy:0.359,-1.50,-0.069 | opp_meta_sum:0.085,0.88,0.061",1,0.5,0.5,0.5958333333333333,0.7160661649308872,-0.04108716047756937,4,0,-3.502431978929929,0.2009660445190204,1
5de27d63-cf36-4328-a5ef-e99011b6a4b9,red,Corki,bot,bot,mid,false,1,1,141,0,-0.052,0.1369,Draven,false,101,101,false,"opp_meta_sum:0.030,-1.37,-0.095 | counter_for:0.382,-0.80,0.046 | counter_against:0.320,-1.40,0.042","counter_for:0.000,-3.50,0.201 | opp_meta_sum:0.030,-1.37,-0.095 | counter_against:0.320,-1.40,0.042",1,1,0,0.38181818181818183,-0.7991604410966786,0.04585502694968632,2,0,-3.502431978929929,0.2009660445190204,1
d7c7d6cc-b364-46bc-a294-76eea9a4f6aa,red,Renekton,top,top,top,false,1,1,114,0,-0.0205,0.1687,Sivir,false,28,28,false,"our_synergy:0.379,-1.31,-0.060 | counter_for:0.367,-0.91,0.052 | counter_against:0.375,-0.96,0.029","counter_for:0.000,-3.50,0.201 | our_synergy:0.436,-0.74,-0.034 | counter_against:0.375,-0.96,0.029",1,1,0,0.3666666666666667,-0.9064331211694265,0.05201022605958053,3,0,-3.502431978929929,0.2009660445190204,1
ddb5c4a0-03e8-47af-bd4a-7bdf7c8706f7,red,Lillia,jungle,jungle,jungle,false,1,1,110,0,-0.1101,0.1158,Pyke,false,92,92,false,"opp_meta_sum:0.025,-1.57,-0.109 | our_synergy:0.431,-0.80,-0.037 | our_meta_sum:0.034,-1.53,0.033","counter_for:0.000,-3.50,0.201 | opp_meta_sum:0.025,-1.57,-0.109 | our_meta_sum:0.033,-1.57,0.034",1,1,0,0.5,0.03756646347075591,-0.0021555261074885034,0,0,-3.502431978929929,0.2009660445190204,1
540a5855-16e6-4f24-bb96-f05342a31346,blue,Varus,bot,bot,bot,false,1,1,116,0,-0.0091,0.2378,Caitlyn,false,87,87,false,"our_synergy:0.612,0.99,0.045 | opp_meta_sum:0.050,-0.53,-0.037 | opp_synergy:0.589,0.67,-0.025","counter_for:0.000,-3.50,0.201 | our_synergy:0.650,1.36,0.062 | opp_meta_sum:0.050,-0.53,-0.037",1,1,0,0.5,0.03756646347075591,-0.0021555261074885034,0,0,-3.502431978929929,0.2009660445190204,1
5e63a568-59ed-4ba6-846b-1be09ff95496,red,Leona,support,support,support,false,1,1,91,0,0.1814,0.2871,Aphelios,false,47,49,true,"opp_meta_sum:0.095,1.29,0.090 | our_synergy:0.708,1.94,0.089 | counter_against:0.653,1.23,-0.038","counter_for:0.083,-2.91,0.167 | opp_meta_sum:0.095,1.29,0.090 | our_synergy:0.600,0.87,0.040",1,0.5,0.5,0.5,0.03756646347075591,-0.0021555261074885034,0,0.08333333333333333,-2.9124322385298154,0.16711244941460227,2
5ff61ce1-802d-47bc-ae87-d6071f7ce642,red,Varus,bot,bot,bot,false,1,1,138,0,-0.3358,0.0685,Elise,false,135,135,false,"counter_for:0.833,2.40,-0.138 | opp_meta_sum:0.037,-1.06,-0.074 | opp_synergy:0.686,1.55,-0.059","counter_for:0.000,-3.50,0.201 | opp_meta_sum:0.037,-1.06,-0.074 | opp_synergy:0.686,1.55,-0.059",1,1,0,0.8333333333333333,2.397565425071212,-0.13756990652516107,2,0,-3.502431978929929,0.2009660445190204,1
10d72340-91b4-472d-b1d5-87702211edcf,red,Wukong,jungle,jungle,jungle,false,1,1,103,0,0.1785,0.2894,Milio,false,60,61,true,"our_synergy:0.646,1.32,0.061 | counter_against:0.286,-1.67,0.051 | our_meta_sum:0.034,-1.53,0.034","counter_for:0.200,-2.09,0.120 | our_synergy:0.646,1.32,0.061 | counter_against:0.286,-1.67,0.051",1,0.5,0.5,0.5,0.03756646347075591,-0.0021555261074885034,0,0.2,-2.0864326019696553,0.11971741626841685,1
21edbd9b-30e3-4b43-8fb6-b1af83fc3cb8,red,Ezreal,bot,bot,bot,false,1,1,142,0,0.0999,0.3179,Shen,false,95,95,false,"opp_meta_sum:0.018,-1.86,-0.130 | our_synergy:0.676,1.62,0.074 | counter_against:0.214,-2.23,0.068","counter_for:0.000,-3.50,0.201 | opp_meta_sum:0.018,-1.86,-0.130 | our_synergy:0.788,2.73,0.125",1,0.5,0.5,0.3557692307692308,-0.9835869333755954,0.05643723465015829,2,0,-3.502431978929929,0.2009660445190204,1
981581ed-63c5-49e0-beda-906cc7db2276,blue,Tahm Kench,support,support,support,false,1,1,88,0,0.218,0.3823,Kai'Sa,false,11,11,false,"counter_for:0.333,-1.14,0.066 | our_synergy:0.656,1.42,0.065 | opp_meta_sum:0.085,0.88,0.061","counter_for:0.000,-3.50,0.201 | our_synergy:0.708,1.94,0.089 | opp_meta_sum:0.085,0.88,0.061",1,0.5,0.5,0.3333333333333333,-1.1424330173294726,0.0655516641013478,1,0,-3.502431978929929,0.2009660445190204,1
012fdbcc-bdbb-4148-bd4f-2ab4b30528a1,blue,Kai'Sa,bot,bot,bot,false,1,1,130,0,-0.0084,0.2222,Pyke,false,94,94,false,"counter_against:0.644,1.17,-0.035 | opp_synergy:0.438,-0.70,0.026 | opp_meta_sum:0.072,0.32,0.022","counter_for:0.000,-3.50,0.201 | counter_against:0.644,1.17,-0.035 | opp_synergy:0.438,-0.70,0.026",1,1,0,0.4553030303030303,-0.27888794274385065,0.016002311266699407,4,0,-3.502431978929929,0.2009660445190204,1
48eec4cb-1f25-4f00-92ec-9257afb782b2,red,Udyr,top,top,top,false,1,1,89,0,-0.0985,0.1519,Yone,false,81,81,false,"counter_for:0.600,0.75,-0.043 | our_meta_sum:0.117,1.85,-0.040 | opp_synergy:0.619,0.94,-0.036","counter_for:0.000,-3.50,0.201 | opp_synergy:0.619,0.94,-0.036 | our_meta_sum:0.103,1.27,-0.028",1,0.5,0.5,0.6,0.7455661519508928,-0.04277984023279028,1,0,-3.502431978929929,0.2009660445190204,1
483cfd31-e313-4fde-8e90-5aca0257562a,blue,Lillia,jungle,jungle,jungle,false,1,1,141,0,-0.0657,0.2088,Seraphine,false,122,122,false,"counter_for:0.683,1.33,-0.076 | opp_meta_sum:0.045,-0.76,-0.053 | counter_against:0.411,-0.68,0.021","counter_for:0.000,-3.50,0.201 | opp_meta_sum:0.045,-0.76,-0.053 | our_meta_sum:0.047,-1.01,0.022",1,0.5,0.5,0.6825396825396824,1.3299468472043388,-0.07631102014573775,3,0,-3.502431978929929,0.2009660445190204,1
d835976d-3ea5-42d0-b435-e25d3b8afd1e,red,Alistar,support,support,support,false,1,1,142,0,-0.0434,0.1326,Skarner,false,112,112,false,"opp_meta_sum:0.049,-0.59,-0.041 | counter_for:0.555,0.43,-0.025 | our_synergy:0.552,0.40,0.018","counter_for:0.125,-2.62,0.150 | opp_meta_sum:0.049,-0.59,-0.041 | counter_against:0.425,-0.57,0.017",1,0.5,0.5,0.5551506972559604,0.42803322823757933,-0.024560118603044065,3,0.125,-2.617432368329758,0.15018565186239316,1
3857a4ac-143f-46bc-b50d-c8cc507c8527,blue,Rakan,support,support,support,false,1,1,141,0,0.0382,0.2175,Draven,false,94,94,false,"counter_against:0.431,-0.52,0.016 | opp_meta_sum:0.060,-0.15,-0.011 | our_synergy:0.535,0.23,0.011","counter_for:0.000,-3.50,0.201 | our_meta_sum:0.046,-1.03,0.023 | our_synergy:0.472,-0.38,-0.018",1,0.5,0.5,0.47027972027972026,-0.17285302436424999,0.0099181336849963,4,0,-3.502431978929929,0.2009660445190204,1
47faeba3-a8f2-42a1-879b-fb36aa6a3239,red,Diana,jungle,jungle,jungle,false,1,1,137,0,-0.0954,0.0338,Rumble,false,19,19,false,"opp_meta_sum:0.021,-1.73,-0.121 | our_synergy:0.598,0.85,0.039 | counter_against:0.633,1.08,-0.033","opp_meta_sum:0.021,-1.73,-0.121 | counter_for:0.250,-1.73,0.099 | our_synergy:0.687,1.73,0.079",1,0.5,0.5,0.5,0.03756646347075591,-0.0021555261074885034,0,0.25,-1.7324327577295866,0.09940525920576596,1
55a7a6e9-b591-4603-8244-60bd2ff10e6b,blue,Rakan,support,support,support,false,1,1,139,0,0.0632,0.237,Xerath,false,30,30,false,"counter_for:0.395,-0.70,0.040 | opp_meta_sum:0.071,0.29,0.020 | opp_synergy:0.573,0.53,-0.020","counter_for:0.000,-3.50,0.201 | opp_meta_sum:0.071,0.29,0.020 | opp_synergy:0.573,0.53,-0.020",1,0.5,0.5,0.3952380952380952,-0.7041474958893877,0.04040327916663718,2,0,-3.502431978929929,0.2009660445190204,1
aa5332f9-df0d-4bef-87ca-4a05cc93d7ff,blue,Xayah,bot,bot,bot,false,1,1,99,0,0.0347,0.2226,Aphelios,false,90,90,false,"opp_synergy:0.368,-1.34,0.051 | opp_meta_sum:0.081,0.72,0.050 | our_synergy:0.422,-0.88,-0.041","counter_for:0.000,-3.50,0.201 | our_synergy:0.393,-1.16,-0.053 | opp_synergy:0.368,-1.34,0.051",1,1,0,0.5,0.03756646347075591,-0.0021555261074885034,0,0,-3.502431978929929,0.2009660445190204,1
49758c22-8fcd-4508-bafa-dd0560426892,blue,Gangplank,top,top,top,false,1,1,130,0,-0.1901,0.2417,Lillia,false,129,129,false,"counter_for:1.000,3.58,-0.205 | opp_meta_sum:0.050,-0.57,-0.039 | our_meta_sum:0.041,-1.24,0.027","counter_for:0.000,-3.50,0.201 | our_synergy:0.612,0.99,0.046 | opp_meta_sum:0.050,-0.57,-0.039",1,0.5,0.5,1,3.5775649058714416,-0.20527709673399744,1,0,-3.502431978929929,0.2009660445190204,1
f2814491-09f8-4f2a-bbfe-3bf67bdb7d31,red,Rell,support,support,support,false,1,1,141,0,-0.0301,0.192,Viktor,false,122,122,false,"opp_meta_sum:0.053,-0.43,-0.030 | opp_synergy:0.461,-0.49,0.019 | our_meta_sum:0.083,0.45,-0.010","counter_for:0.000,-3.50,0.201 | opp_meta_sum:0.053,-0.43,-0.030 | our_synergy:0.468,-0.43,-0.020",1,0.5,0.5,0.512912912912913,0.1289898466678911,-0.007401308411956923,3,0,-3.502431978929929,0.2009660445190204,1
6f1cc3dd-3a0d-44c2-8605-3c344d49fa60,red,Volibear,top,top,jungle,false,1,1,138,0,-0.0381,0.3024,Malphite,false,102,103,true,"our_synergy:0.424,-0.86,-0.040 | opp_meta_sum:0.055,-0.37,-0.026 | our_meta_sum:0.054,-0.73,0.016","counter_for:0.000,-3.50,0.201 | our_synergy:0.724,2.09,0.096 | opp_meta_sum:0.055,-0.37,-0.026",1,1,0,0.5,0.03756646347075591,-0.0021555261074885034,0,0,-3.502431978929929,0.2009660445190204,1
fb3f4da7-1b23-4c07-99ec-215fff3d9d9b,red,Zyra,jungle,jungle,jungle,false,1,1,119,0,0.0151,0.0935,Lillia,false,13,13,false,"opp_meta_sum:0.044,-0.80,-0.056 | our_synergy:0.627,1.14,0.052 | our_meta_sum:0.052,-0.79,0.017","counter_for:0.200,-2.09,0.120 | opp_meta_sum:0.044,-0.80,-0.056 | our_meta_sum:0.050,-0.88,0.019",1,1,0,0.5238095238095238,0.20613781787078872,-0.011827981851607985,2,0.2,-2.0864326019696553,0.11971741626841685,1
21f6ea8a-fc14-4a48-959f-d226f5dc2c4c,red,Alistar,support,support,support,false,1,1,145,0,0.058,0.2995,LeBlanc,false,112,112,false,"our_synergy:0.616,1.03,0.047 | opp_meta_sum:0.059,-0.17,-0.012 | our_meta_sum:0.059,-0.52,0.011","counter_for:0.000,-3.50,0.201 | our_synergy:0.672,1.58,0.073 | our_meta_sum:0.038,-1.35,0.030",1,1,0,0.4874236046369278,-0.051474376521825675,0.0029535482504458354,3,0,-3.502431978929929,0.2009660445190204,1
0ce69c3c-338c-4fc2-8c97-c74e53d34d89,blue,Xayah,bot,bot,bot,false,1,1,117,0,-0.0882,0.1305,Aurelion Sol,false,84,84,false,"our_synergy:0.438,-0.72,-0.033 | counter_against:0.630,1.05,-0.032 | our_meta_sum:0.091,0.80,-0.017","counter_for:0.000,-3.50,0.201 | counter_against:0.630,1.05,-0.032 | our_synergy:0.463,-0.48,-0.022",1,0.5,0.5,0.5,0.03756646347075591,-0.0021555261074885034,0,0,-3.502431978929929,0.2009660445190204,1
464384b6-f271-409e-b4bf-dbb88296c57b,blue,Azir,mid,mid,mid,false,1,1,83,0,0.084,0.3686,Viego,false,78,78,false,"opp_meta_sum:0.117,2.17,0.152 | our_meta_sum:0.111,1.59,-0.035 | opp_synergy:0.589,0.67,-0.025","counter_for:0.000,-3.50,0.201 | opp_meta_sum:0.117,2.17,0.152 | our_synergy:0.600,0.87,0.040",1,0.5,0.5,0.55,0.39156630771082473,-0.02246768317013941,2,0,-3.502431978929929,0.2009660445190204,1
38599476-fbe1-4847-8ca6-c46c8051eef0,red,Ashe,bot,bot,bot,false,1,1,134,0,-0.1488,0.0915,Jarvan IV,false,110,110,false,"opp_meta_sum:0.015,-1.96,-0.137 | our_synergy:0.384,-1.26,-0.058 | opp_synergy:0.429,-0.79,0.030","opp_meta_sum:0.015,-1.96,-0.137 | counter_for:0.167,-2.32,0.133 | our_meta_sum:0.034,-1.55,0.034",1,0.5,0.5,0.5,0.03756646347075591,-0.0021555261074885034,0,0.16666666666666666,-2.3224324981297007,0.13325885431018408,1
05b28cfa-85e5-4cd0-adec-ecfc570d8ca1,blue,Ezreal,bot,bot,bot,false,1,1,137,0,0.0118,0.1891,Neeko,false,23,23,false,"counter_for:0.372,-0.87,0.050 | counter_against:0.695,1.57,-0.048 | our_synergy:0.450,-0.61,-0.028","counter_for:0.000,-3.50,0.201 | counter_against:0.695,1.57,-0.048 | our_meta_sum:0.040,-1.27,0.028",1,1,0,0.3723147562489751,-0.8664446645216041,0.04971572840558512,3,0,-3.502431978929929,0.2009660445190204,1
5e318ca2-aca1-4da9-8d23-ccd400c16129,red,Kindred,jungle,jungle,jungle,false,1,1,110,0,0.0315,0.2576,Rek'Sai,false,60,63,true,"counter_against:0.319,-1.40,0.043 | our_synergy:0.552,0.39,0.018 | opp_synergy:0.556,0.37,-0.014","counter_for:0.000,-3.50,0.201 | our_synergy:0.614,1.01,0.046 | counter_against:0.319,-1.40,0.043",1,1,0,0.5,0.03756646347075591,-0.0021555261074885034,0,0,-3.502431978929929,0.2009660445190204,1
8a41e39a-9882-4dec-8c0d-0704fbfa0d2d,red,Jayce,top,top,top,false,1,1,103,0,-0.1552,0.1219,Sivir,false,98,98,false,"our_synergy:0.250,-2.57,-0.118 | counter_for:0.667,1.22,-0.070 | our_meta_sum:0.039,-1.33,0.029","counter_for:0.000,-3.50,0.201 | our_synergy:0.250,-2.57,-0.118 | our_meta_sum:0.032,-1.61,0.035",1,0.5,0.5,0.6666666666666666,1.217565944270984,-0.06986271631632479,2,0,-3.502431978929929,0.2009660445190204,2
c908cd70-a938-4d95-9ad1-f320a0c01f2d,red,Amumu,jungle,jungle,jungle,false,1,1,129,0,-0.1116,0.0796,Jayce,false,92,92,false,"our_synergy:0.391,-1.19,-0.054 | opp_meta_sum:0.049,-0.59,-0.041 | our_meta_sum:0.084,0.50,-0.011","counter_for:0.000,-3.50,0.201 | our_synergy:0.376,-1.33,-0.061 | opp_meta_sum:0.049,-0.59,-0.041",1,1,0,0.5,0.03756646347075591,-0.0021555261074885034,0,0,-3.502431978929929,0.2009660445190204,2
ab66fda0-4e9e-498e-977f-f676f1ab6629,blue,Xayah,bot,bot,bot,false,1,1,137,0,-0.0337,0.1601,Karma,false,90,90,false,"our_synergy:0.474,-0.37,-0.017 | opp_synergy:0.545,0.27,-0.010 | our_meta_sum:0.063,-0.37,0.008","counter_for:0.000,-3.50,0.201 | our_synergy:0.450,-0.61,-0.028 | opp_synergy:0.545,0.27,-0.010",1,0.5,0.5,0.5,0.03756646347075591,-0.0021555261074885034,2,0,-3.502431978929929,0.2009660445190204,1
97d52283-46ec-416a-9ad7-b88228a35c08,blue,Zeri,bot,bot,bot,false,1,1,111,0,0.0193,0.5478,Aphelios,false,111,111,false,"counter_for:1.000,3.58,-0.205 | opp_synergy:0.143,-3.38,0.128 | our_synergy:0.662,1.48,0.068","counter_for:0.000,-3.50,0.201 | our_synergy:0.917,3.99,0.183 | opp_synergy:0.143,-3.38,0.128",1,1,0,1,3.5775649058714416,-0.20527709673399744,1,0,-3.502431978929929,0.2009660445190204,1
327f08b1-c32b-4f46-bdac-a640d8d38402,red,Rakan,support,support,support,false,1,1,141,0,0.0479,0.3091,LeBlanc,false,95,95,false,"our_synergy:0.688,1.74,0.080 | opp_meta_sum:0.040,-0.97,-0.068 | counter_against:0.350,-1.16,0.035","counter_for:0.000,-3.50,0.201 | our_synergy:0.792,2.76,0.127 | opp_meta_sum:0.040,-0.97,-0.068",1,1,0,0.48989898989898983,-0.03394865657774324,0.0019479399657743295,3,0,-3.502431978929929,0.2009660445190204,1
d1d0b450-fa47-4738-9c05-710af8ee7a48,blue,Viego,jungle,jungle,jungle,false,1,1,134,0,-0.0971,0.1521,Pyke,false,120,120,false,"counter_for:0.578,0.59,-0.034 | opp_meta_sum:0.052,-0.46,-0.032 | counter_against:0.593,0.76,-0.023","counter_for:0.000,-3.50,0.201 | opp_meta_sum:0.052,-0.46,-0.032 | counter_against:0.593,0.76,-0.023",1,0.5,0.5,0.5777777777777777,0.5882328878441955,-0.03375221487161209,3,0,-3.502431978929929,0.2009660445190204,1
