section,key,n,avg_rank,median_rank,avg_percentile,avg_regret,median_regret,top1%,top3%,top5%,top10%,win_rate,unknown_rate
global,all,33720,65.1,63,50.7,0.1062,0.0906,1.3,3.9,6.4,14.1,50,0.39
slot,PICK_1,6744,37.2,20,73.4,0.0836,0.0046,2.4,6.4,10.6,27.8,50,0.15
slot,PICK_2,6744,95.1,106,28.5,0.0851,0.0866,0.7,2.2,3.6,6.3,50,0.18
slot,PICK_3,6744,51.6,33,61.4,0.1074,0.1056,1.6,5.2,8.8,17.8,50,0.19
slot,PICK_4,6744,71.3,84,44.8,0.2022,0.2057,0.8,2.5,4.5,9.2,50,0.43
slot,PICK_5,6744,70.2,81,45.2,0.0529,0.0502,1.1,3,4.6,9.5,50,1.01
patch,14.1,1280,30.5,19,57,0.0802,0.0614,8,19.1,26.6,37.7,50,5
patch,14.10,850,54.8,51,51.7,0.1059,0.087,1.1,4.2,7.8,16.5,50,0.71
patch,14.11,1140,54.9,46.5,52.7,0.1063,0.0894,1,4.1,7.6,17.9,50,0.35
patch,14.13,1500,58.7,58,51.7,0.1076,0.0882,0.7,3.3,6.4,15.7,50,0.27
patch,14.14,770,58.6,47,53.1,0.1025,0.0849,2.1,4.5,6.9,16.6,50,0.13
patch,14.15,3090,61.9,73,50.5,0.1067,0.0909,0.9,3.7,6.8,15.1,50,0.26
patch,14.16,810,67.7,83,48.8,0.1111,0.0937,1,3.7,5.3,12.8,50,0
patch,14.3,1610,45.8,45,51.9,0.0968,0.08,3,8.7,14.3,26.9,50,0.43
patch,14.5,1240,44.7,35,52.9,0.0982,0.0834,2.6,8.7,14.5,26.5,50,1.29
patch,14.6,840,51.5,49,51.7,0.1021,0.0867,1.5,7.1,11.1,21,50,0.6
patch,15.1,1060,65.2,63.5,52,0.1097,0.0937,2.4,4.5,7.4,13.4,50,0.47
patch,15.10,1300,72.9,84,49.7,0.1102,0.0972,0.3,1.6,2.8,9.4,50,0
patch,15.11,1160,72.5,83.5,50,0.1084,0.0953,0.7,1.8,3.4,10.1,50,0
patch,15.14,1460,73.8,84,49.3,0.1129,0.0979,0.6,1.8,2.9,10.1,50,0.07
patch,15.15,1900,74.9,86,49.2,0.107,0.0924,0.8,1.8,3.4,9.7,50,0.11
patch,15.16,1660,75.6,88,49.1,0.1088,0.0931,0.1,1.2,2.5,8.5,50,0.06
patch,15.17,2010,75.3,85,49.6,0.1075,0.0941,0.5,1.4,2.8,7.8,50,0
patch,15.18,330,71.8,72,51.9,0.1041,0.0905,1.2,2.7,3.6,8.5,50,0
patch,15.2,1360,66.3,60,52.2,0.108,0.0938,2.9,4.9,7.3,13.7,50,0.15
patch,15.3,1040,67.4,62,52.2,0.1078,0.0934,1.1,2.7,4.5,11.5,50,0.19
patch,15.4,390,68.9,60,51.2,0.1094,0.0915,1.5,3.1,3.8,10,50,0
patch,15.6,970,71.9,75.5,49.4,0.1109,0.0933,0.4,2.3,3.7,9.3,50,0.21
patch,15.7,1900,73.4,85,49,0.1098,0.0938,0.4,1.8,3.5,9.8,50,0.05
patch,15.8,1930,74.6,91,48.3,0.1099,0.0957,0.5,1.7,3.1,9.4,50,0
patch,15.9,2120,73.3,88,49.2,0.109,0.0952,0.5,1.7,3.4,10.2,50,0.05
team,106,285,57.6,48,51.8,0.1,0.0854,3.2,7,9.5,20.7,22.8,1.75
team,340,645,65,66,50.4,0.1092,0.0962,1.2,4,6.4,13.5,73.6,0.31
team,353,435,57,48,52.2,0.1031,0.0837,1.6,7.1,9.9,20.9,36.8,0.23
team,356,935,69.6,76,50.4,0.1087,0.0948,1,2.7,4.3,11.2,65.8,0.11
team,368,510,69.3,79,48.7,0.1068,0.0899,0.8,2.7,4.5,11.6,43.1,0.2
team,369,330,65.4,74.5,49.6,0.1063,0.0897,2.1,4.5,7.3,13,36.4,0.61
team,375,985,67.9,72,51.4,0.1063,0.0919,0.8,2.2,4.5,10.9,70.1,0.1
team,406,1155,63.8,66,50,0.1075,0.0909,1,3.9,6.9,15.9,66.2,0.26
team,407,1095,61.8,58,52,0.1019,0.0839,1.4,5.3,8.2,16.7,49.8,0.37
team,3113,510,65.7,61.5,51.4,0.1078,0.0888,1,2.4,3.5,10.6,35.3,0.78
team,3389,305,70.1,65,51.6,0.1075,0.0983,0.7,1.3,3.3,10.8,52.5,0
team,3483,880,62.8,60.5,49.7,0.105,0.0888,1,4,7.2,14.3,33.5,0.34
team,4035,975,62.8,64,51.1,0.1038,0.0901,1.6,4.5,7.8,17.8,41,0.51
team,20483,905,71.1,78,49,0.1096,0.0933,0.9,2.7,4.6,10.3,63.5,0
team,47319,295,65.7,80,49.2,0.1097,0.0904,1,2.7,4.4,11.5,27.1,0
team,47351,555,62,55,52.7,0.1043,0.0901,0.9,4,6.5,14.4,61.3,0.54
team,47363,575,62.3,63,50.9,0.1065,0.0894,1.2,4.7,8,17.4,60.9,0.7
team,47370,485,62,60,50.3,0.1063,0.0865,2.3,6,8.5,17.7,44.3,1.44
team,47376,825,60.5,49,51.7,0.1041,0.0903,1,4.1,7.4,15.6,60,0.12
team,47380,785,61.3,58,51.3,0.1062,0.0933,1.8,5.2,7,15.8,72,1.66
team,47389,265,70.4,82,51.3,0.1071,0.0913,0,0.8,3.8,12.5,54.7,0
team,47435,475,58.5,48,52.7,0.1011,0.0842,2.1,8.2,11.4,20.2,38.9,0.63
team,47472,860,69.4,80,50.2,0.1078,0.095,1.5,3.1,5,12.1,55.2,0.35
team,47494,1185,62.4,53,51.3,0.1061,0.0925,1.6,4.4,7.2,15.4,62.4,0.68
team,47497,640,62.5,54,52.2,0.1038,0.0855,0.9,3.9,7.7,15.5,53.9,0.63
team,47499,420,62.2,52.5,51.2,0.1057,0.0897,1.9,5,6.7,15,34.5,0.48
team,47509,490,67,64.5,51,0.1091,0.0964,1.2,2.4,5.1,11.8,50,0
team,47514,745,67.6,66,51.4,0.1071,0.0936,0.5,2.1,3.8,10.7,32.9,0
team,47558,1115,64.7,66,49.4,0.11,0.0922,1.3,4.1,6.5,15.6,78.5,0.72
team,47619,780,60.4,51,52,0.0996,0.0834,2.1,5.3,8.7,16.7,50.6,0.51
team,47960,280,63.9,42,55.9,0.103,0.0938,0.7,3.2,6.4,13.9,51.8,0
team,47961,890,62.9,62.5,50.4,0.1037,0.0849,1.9,5.2,7.6,17.1,32.6,0.22
team,48173,295,74.1,92,49.3,0.1079,0.0986,1.4,3.1,3.7,10.2,57.6,0
team,48179,1230,63.7,61,50.2,0.106,0.0917,1.2,3.7,6.3,13.7,54.9,0.73
team,52541,215,51.5,36,54.2,0.0992,0.0846,1.4,7,10.7,20.9,34.9,0.47
team,52573,315,74.2,86,49.2,0.1122,0.0989,1.3,3.2,5.4,10.2,50.8,0.32
team,52606,655,69.3,79,49.9,0.1068,0.0898,0.6,2.6,4.9,10.7,39.7,0
team,52661,640,59.3,48,51.7,0.1074,0.0891,3.1,6.3,10.8,17.5,49.2,0.78
team,52726,470,66.5,74.5,50.2,0.1063,0.0857,0.9,3.6,6,14.7,42.6,0
team,52747,1000,61,57,52.2,0.1016,0.083,1.3,4.7,8.8,15.6,35.5,0.3
team,52796,940,69.9,79,49.7,0.1102,0.0926,0.9,2.6,4,11.2,56.9,0
team,52817,905,60.6,51,52.6,0.102,0.0832,1.9,4.5,8.4,17.2,30.4,0.44
team,52822,970,71.3,82,48.5,0.1088,0.0928,0.7,2.9,4.5,10.5,47.4,0.1
team,52905,840,68.2,64,50.5,0.1078,0.0954,1.4,3.2,4.8,11.3,48.2,0.24
team,52910,745,74.8,90,46.5,0.112,0.0985,1.1,2.6,4.4,9.9,38.9,0
team,53073,465,66.2,59,50.1,0.1088,0.0931,0.9,1.7,5.2,12.9,37.6,0.43
team,53165,630,68.9,75.5,47.9,0.108,0.0917,1.4,2.4,4.9,12.5,55.6,0.79
team,53168,510,58.4,44.5,53.8,0.1044,0.087,3.1,5.9,8.8,17.8,39.2,0.39
team,54284,245,71.9,82,50.2,0.1103,0.0997,0.8,3.3,4.1,10.6,46.9,0
